candidate_id,stage,anchor_name,sample_index,is_anchor,weight__raw__30m__cxt_bi_status_V230101,weight__raw__30m__cxt_third_buy_V230228__di_1,weight__raw__daily__cxt_bi_status_V230101,weight__raw__daily__cxt_five_bi_V230619__di_1,weight__raw__daily__cxt_seven_bi_V230620__di_1,weight__raw__daily__tas_ma_base_V221101__di_1__ma_type_SMA__timeperiod_5,weight__raw__daily__tas_ma_base_V221101__di_1__ma_type_SMA__timeperiod_10,weight__raw__daily__tas_ma_base_V221101__di_1__ma_type_SMA__timeperiod_20,weight__raw__daily__tas_macd_base_V221028__di_1__fastperiod_12__signalperiod_9__slowperiod_26,weight__raw__daily__vol_window_V230731__di_1__m_30__n_10__w_5,weight__raw__daily__pressure_support_V240406__di_1__w_20,weight__raw__weekly__cxt_bi_status_V230101,parent_seed_id,structure_share,trend_share,volume_position_share
0,1,control,0,True,0.050846533963337125,0.05097365029824546,0.04067722717066969,0.05110235558734016,0.04067722717066969,0.08946410409735422,0.07626980094500567,0.07626980094500567,0.07626980094500567,0.20338613585334853,0.20338613585334853,0.04067722717066969,,0.27495422136093184,0.3182735069323713,0.40677227170669705
36,1,control,36,False,0.018016204079213633,0.04422088846537802,0.029918239846409993,0.08176821164997469,0.07835495030435075,0.0741387973849962,0.06741950231807439,0.13424059956521017,0.07107053648055013,0.2004642590064969,0.16002750168921007,0.04036030921013497,,0.29263880355546207,0.3468694357488309,0.360491760695707
352,1,balanced,96,False,0.09005490232360447,0.03672441128840595,0.18519169214214826,0.040427306152024584,0.15602050377876053,0.028614294060456496,0.09377415885183242,0.060203970835138856,0.07685756096866032,0.00010683619518242777,0.08807021427553088,0.14395414912825466,,0.6523729648131985,0.2594499847160881,0.08817705047071331
364,1,balanced,108,False,0.03253093697583315,0.07309021239706794,0.04469978376628519,0.0860312462627057,0.0015992140622153284,0.021723531534164703,0.09534446085732332,0.11127045438330228,0.13737281488562453,0.11323397389025155,0.2565221833083182,0.026581187676908043,,0.26453258114101535,0.36571126166041484,0.3697561571985698
447,1,balanced,191,False,0.15180422441276845,0.0014920274111651745,0.17547521770240335,0.029880752750903787,0.008806301124739041,0.014105869046461706,0.12091884783728635,0.024825405789307142,0.04396660864755538,0.045896597969944865,0.3003146819217196,0.08251346538574504,,0.4499719887877249,0.2038167313206106,0.3462112798916645
495,1,balanced,239,False,0.04349980888713547,0.1991682595223838,0.027203330574239612,0.16898554859079007,0.012015174322905482,0.10894740476925062,0.06106329180184894,0.14978716744397055,0.1772799401817451,0.032532187122761805,0.0067800556792747,0.012737831103693769,,0.4636099530011482,0.49707780419681524,0.039312242802036504
777,2,seed_352,10,False,0.08298328560492398,0.043214812598471354,0.195105720673595,0.0341804552092296,0.16819002508784128,0.037651322548744336,0.08732430476850744,0.05023441665500176,0.06282301188205149,8.613480768123957e-14,0.10176601723015938,0.13652662774138838,352,0.6602009269154495,0.238033055854305,0.10176601723024552
779,2,seed_352,12,False,0.07689223330634645,0.021528087768619728,0.20718025844610938,0.023859657224033465,0.14841924068986595,0.026237597516365705,0.0913708631744141,0.05896737397666484,0.1001210557833161,1.7118881728975307e-17,0.10915702321744078,0.13626660889682338,352,0.6141460863317983,0.27669689045076074,0.1091570232174408
790,2,seed_352,23,False,0.08635246237764208,0.033308797946258836,0.19327042929162389,0.05338093651942751,0.17179102013138817,0.02208047517561209,0.11292496158173104,0.05592125798999537,0.055298600146366644,1.0666270609118938e-09,0.0855559401768284,0.13011511759649871,352,0.6682187638628392,0.24622529489370515,0.08555594124345546
796,2,seed_352,29,False,0.07987470141804341,0.03028801939697105,0.2088732418613719,0.0433020645180445,0.18609788742677894,0.02736117707218741,0.09091732910385883,0.056584489043703654,0.08060111096617803,2.830903794627238e-20,0.07277588372868789,0.1233240954641744,352,0.6717600100853842,0.25546410618592796,0.07277588372868789
836,2,seed_304,7,False,0.12246684135496741,0.17412708799707174,0.06626229760843699,0.16796545822122036,0.06992644509207346,0.044470404680485,0.020411775867686086,0.09453880689969683,0.05500186783439369,0.15473246868588394,0.029711917659646914,0.0003846280984376683,304,0.6011327583722076,0.21442285528226163,0.18444438634553087
850,2,seed_304,21,False,0.12033333590568317,0.14391579865347404,0.05963637111963398,0.16290507154429493,0.09763448275431037,0.03947688630784831,0.008111158625825279,0.12171753870393456,0.07520005314381428,0.13730710973420313,0.03257967472582768,0.0011825187811503272,304,0.5856075787585469,0.24450563678142245,0.1698867844600308
873,2,seed_364,13,False,0.04382037444732114,0.08293080064230247,0.030779270896878885,0.09888760128172247,0.0002574421814879769,0.020065249716323168,0.09412057174802534,0.12087259736749166,0.1385071923256529,0.0966954277839037,0.2593034272622309,0.013760044346659311,364,0.2704355337963722,0.37356561115749304,0.3559988550461346
884,2,seed_364,24,False,0.03184893834354296,0.07509532710948623,0.0416902627821644,0.08190637791633779,0.0007541224043245262,0.023793571098629958,0.10533081512358246,0.11152993215906987,0.14476422858467616,0.0987555979605939,0.270164721970538,0.014366104547053725,364,0.2456611331029096,0.38541854696595845,0.3689203199311319
885,2,seed_364,25,False,0.01920581407336321,0.09052491798371147,0.044315443175984764,0.056534074462279815,0.0007368316899808952,0.02291198292303496,0.1002332701060181,0.12479777013737613,0.13729875717143517,0.10562636926236275,0.2739703497258636,0.023844419288589203,364,0.23516150067390937,0.3852417803378644,0.37959671898822633
891,2,seed_364,31,False,0.02693396606306641,0.062089642907320906,0.0670957552739705,0.07935760508261797,0.0022937536291259583,0.05327871134571179,0.08806234143144674,0.11349209000260832,0.12184367339374567,0.10940501861771101,0.2458220451881488,0.030325397064525826,364,0.26809612002062755,0.37667681617351256,0.3552270638058598
936,2,seed_556,14,False,0.09597414612351178,0.07474212603531932,0.07731870214370877,0.18199280193202186,0.1097940120996996,0.020131971190120827,0.007147949461240318,0.0479048412906578,0.09112475172586126,0.08315368450260807,0.14589647164678066,0.0648185418484698,556,0.6046403301827312,0.16630951366788022,0.22905015614938873
977,2,seed_36,24,False,0.018909783445398638,0.0312270135435657,0.04287574905119429,0.06864256139427878,0.07117643978882514,0.07548958384965501,0.052341619237475386,0.14145140280775592,0.07875040718264753,0.2318814696345847,0.14578857179698101,0.04146539826763782,36,0.2742969454909004,0.3480330130775338,0.3776700414315657
985,2,seed_705,1,False,0.12500639075012457,0.06221559965274449,0.09433871209488344,0.18683234126637413,0.08951179321217703,0.007961164272408604,0.04876761601358542,0.045225755559095,0.06484276694240211,0.11715383658268834,0.10411629139269163,0.05402773226082531,705,0.611932569237129,0.1667973027874911,0.22127012797537998
1010,2,seed_705,26,False,0.1508011045207158,0.07473341771899664,0.10927439911503202,0.18131799288524045,0.11047424353588084,0.014742994855515942,0.045673796639212026,0.034356050002821464,0.04719642157605337,0.08721488995758422,0.09775269381955182,0.0464619953733953,705,0.6730631531492611,0.1419692630736028,0.18496758377713604
1077,2,seed_588,31,False,0.09524659437046348,0.14651210490513805,0.062302618518343816,0.22890370377682406,0.04315522482709319,0.04550432240393292,0.023776077133924642,0.031146085161923617,0.08232284354712076,0.11948417172591624,0.06598220591376257,0.05566404771555661,588,0.6317842941134193,0.18274932824690193,0.18546637763967883
1112,2,seed_264,4,False,0.036844240384519035,0.11765620886496958,0.11471285672423792,0.0002156922239970032,0.03881313264012519,0.12531355054049803,0.004112731875282557,0.20765433939935285,0.2645020316650854,0.02803320344444365,0.019250849283185278,0.04289116295430349,264,0.3511332937921522,0.6015826534802189,0.04728405272762893
1125,2,seed_264,17,False,0.07211660642209461,0.14258825823872456,0.0755396149446018,0.002483908133140827,0.055420312755329736,0.11232020883453374,0.004165768609447385,0.1602900768209423,0.25792190340484594,0.03890714244666461,0.01938002369003603,0.058866175699638465,264,0.40701487619353,0.5346979576697694,0.05828716613670064
1128,2,seed_264,20,False,0.05857277220104066,0.09113671156098795,0.06243904381444438,0.004348274314989019,0.046973198433841894,0.16218199074165457,0.007483472142861821,0.19086766965425367,0.252827286922491,0.04216662403953949,0.01960551144914935,0.061397444724746064,264,0.32486744505004994,0.6133604194612611,0.06177213548868884
