behavior_hash,trial_id,year,cagr,total_return,maximum_drawdown,calmar,closed_trades,order_count,rolling_60_closed_trades_median,rolling_60_closed_trades_p10,exposure_ratio
17840ccd1134936ecc8f98edc8a7371705bf01c9b821a20cc60059b9e26a4706,S007-EX09-WEIGHTED-SCORE-01055,2021,0.02365126448423238,0.022797021962837283,-0.06141016900605323,0.38513596147082846,29,58,8.0,5.0,0.3497942386831276
17840ccd1134936ecc8f98edc8a7371705bf01c9b821a20cc60059b9e26a4706,S007-EX09-WEIGHTED-SCORE-01055,2022,-0.025271371490204753,-0.024280815893118812,-0.14602051454333287,-0.1730672677687713,34,68,8.0,7.0,0.3305785123966942
17840ccd1134936ecc8f98edc8a7371705bf01c9b821a20cc60059b9e26a4706,S007-EX09-WEIGHTED-SCORE-01055,2023,0.06447799407542076,0.061841842625682375,-0.08633935928402525,0.7467972267817218,25,51,6.0,3.0,0.34297520661157027
17840ccd1134936ecc8f98edc8a7371705bf01c9b821a20cc60059b9e26a4706,S007-EX09-WEIGHTED-SCORE-01055,2024,0.5586551641385646,0.5314443910237054,-0.159521295950669,3.5020726280416214,30,60,7.0,6.0,0.5289256198347108
17840ccd1134936ecc8f98edc8a7371705bf01c9b821a20cc60059b9e26a4706,S007-EX09-WEIGHTED-SCORE-01055,2025,0.6584811703488513,0.6287849204831417,-0.10762651461154671,6.118205841055882,28,57,7.0,5.0,0.448559670781893
17840ccd1134936ecc8f98edc8a7371705bf01c9b821a20cc60059b9e26a4706,S007-EX09-WEIGHTED-SCORE-01055,2026,1.0048279669677402,0.5638404025995907,-0.1808872742621045,5.554995347609423,21,42,9.0,5.0,0.4691358024691358
f83d53b021bc41cefef858785a140245c498ad3412a22b6df77e2de9ce414ef9,S007-EX09-WEIGHTED-SCORE-00896,2021,0.03128008703893692,0.030146271971789762,-0.06260087764254729,0.49967489621386885,31,62,9.0,6.0,0.37448559670781895
f83d53b021bc41cefef858785a140245c498ad3412a22b6df77e2de9ce414ef9,S007-EX09-WEIGHTED-SCORE-00896,2022,-0.025271371490204753,-0.024280815893118812,-0.14602051454333287,-0.1730672677687713,34,68,8.0,7.0,0.3305785123966942
f83d53b021bc41cefef858785a140245c498ad3412a22b6df77e2de9ce414ef9,S007-EX09-WEIGHTED-SCORE-00896,2023,0.06969669639033382,0.06684055699127422,-0.07701750631812665,0.9049461573378699,23,47,5.0,3.0,0.33884297520661155
f83d53b021bc41cefef858785a140245c498ad3412a22b6df77e2de9ce414ef9,S007-EX09-WEIGHTED-SCORE-00896,2024,0.5546915446682434,0.5277043195775237,-0.159521295950669,3.477225666720878,29,58,7.0,6.0,0.5330578512396694
f83d53b021bc41cefef858785a140245c498ad3412a22b6df77e2de9ce414ef9,S007-EX09-WEIGHTED-SCORE-00896,2025,0.5975147354256902,0.5710101265258296,-0.10762651461154671,5.551742872862538,29,59,7.0,5.0,0.46502057613168724
f83d53b021bc41cefef858785a140245c498ad3412a22b6df77e2de9ce414ef9,S007-EX09-WEIGHTED-SCORE-00896,2026,1.0048279669677402,0.5638404025995907,-0.1808872742621045,5.554995347609423,21,42,9.0,5.0,0.4691358024691358
d8c8d9e01e96d1e1af1f7a57b442f10298f68def01ba597ef42afed739d1a73c,S007-EX09-WEIGHTED-SCORE-00911,2021,0.035679049799774765,0.034383143042340025,-0.06141016900605323,0.5809957923460178,29,58,8.0,5.0,0.35390946502057613
d8c8d9e01e96d1e1af1f7a57b442f10298f68def01ba597ef42afed739d1a73c,S007-EX09-WEIGHTED-SCORE-00911,2022,-0.014735030431013763,-0.014154465295384777,-0.14552912097105453,-0.10125142193323997,33,66,8.0,6.0,0.30578512396694213
d8c8d9e01e96d1e1af1f7a57b442f10298f68def01ba597ef42afed739d1a73c,S007-EX09-WEIGHTED-SCORE-00911,2023,0.055274704586792955,0.05302413338888523,-0.08465829094784139,0.6529154317661352,24,49,5.0,3.0,0.3305785123966942
d8c8d9e01e96d1e1af1f7a57b442f10298f68def01ba597ef42afed739d1a73c,S007-EX09-WEIGHTED-SCORE-00911,2024,0.5134935542994989,0.48880729928548994,-0.15253394330417824,3.3664215529753054,31,62,8.0,6.0,0.5
d8c8d9e01e96d1e1af1f7a57b442f10298f68def01ba597ef42afed739d1a73c,S007-EX09-WEIGHTED-SCORE-00911,2025,0.5600049985454527,0.5354250903782305,-0.10762651461154671,5.203225251385894,24,49,5.0,4.0,0.43621399176954734
d8c8d9e01e96d1e1af1f7a57b442f10298f68def01ba597ef42afed739d1a73c,S007-EX09-WEIGHTED-SCORE-00911,2026,1.0536470045227055,0.5882155371727156,-0.1808872742621046,5.824881870882621,22,44,9.0,6.0,0.46296296296296297
120fc2b1aae4aec38f02e84173c0662318d8d07888f8c0ae16b86577d103327f,S007-EX09-WEIGHTED-SCORE-01097,2021,0.027146323152437812,0.0261642395583781,-0.07708896648658992,0.3521427824195837,31,62,9.0,5.300000000000001,0.36213991769547327
120fc2b1aae4aec38f02e84173c0662318d8d07888f8c0ae16b86577d103327f,S007-EX09-WEIGHTED-SCORE-01097,2022,-0.027417947315275915,-0.02634439523666332,-0.14602051454333287,-0.18776777633624486,33,66,8.0,6.0,0.3140495867768595
120fc2b1aae4aec38f02e84173c0662318d8d07888f8c0ae16b86577d103327f,S007-EX09-WEIGHTED-SCORE-01097,2023,0.06969669639033382,0.06684055699127422,-0.07701750631812665,0.9049461573378699,23,47,5.0,3.0,0.33884297520661155
120fc2b1aae4aec38f02e84173c0662318d8d07888f8c0ae16b86577d103327f,S007-EX09-WEIGHTED-SCORE-01097,2024,0.5336338364630993,0.5078278957903553,-0.159521295950669,3.345220042771733,32,64,8.0,6.0,0.5289256198347108
120fc2b1aae4aec38f02e84173c0662318d8d07888f8c0ae16b86577d103327f,S007-EX09-WEIGHTED-SCORE-01097,2025,0.5428736838823578,0.5191626937330243,-0.1076265146115466,5.0440515131586,28,57,7.0,5.0,0.4732510288065844
120fc2b1aae4aec38f02e84173c0662318d8d07888f8c0ae16b86577d103327f,S007-EX09-WEIGHTED-SCORE-01097,2026,1.0048279669677402,0.5638404025995907,-0.1808872742621045,5.554995347609423,21,42,9.0,5.0,0.4691358024691358
c2812f98a5f25c4542bbabfe74390e583de35a7822bd85b9e341e1e3287cff18,S007-EX09-WEIGHTED-SCORE-00830,2021,0.036253128023735925,0.03493602033267962,-0.06141016900605323,0.5903440523044715,27,54,8.0,5.0,0.3662551440329218
c2812f98a5f25c4542bbabfe74390e583de35a7822bd85b9e341e1e3287cff18,S007-EX09-WEIGHTED-SCORE-00830,2022,-0.014735030431013763,-0.014154465295384777,-0.14552912097105453,-0.10125142193323997,33,66,8.0,6.0,0.30578512396694213
c2812f98a5f25c4542bbabfe74390e583de35a7822bd85b9e341e1e3287cff18,S007-EX09-WEIGHTED-SCORE-00830,2023,0.06969669639033382,0.06684055699127422,-0.07701750631812665,0.9049461573378699,23,47,5.0,3.0,0.33884297520661155
c2812f98a5f25c4542bbabfe74390e583de35a7822bd85b9e341e1e3287cff18,S007-EX09-WEIGHTED-SCORE-00830,2024,0.5526888087244695,0.525814394043794,-0.159521295950669,3.4646710047753446,30,60,8.0,6.0,0.5247933884297521
c2812f98a5f25c4542bbabfe74390e583de35a7822bd85b9e341e1e3287cff18,S007-EX09-WEIGHTED-SCORE-00830,2025,0.48059145390358915,0.45998456849545866,-0.10762651461154671,4.465362978985003,24,49,5.0,4.0,0.411522633744856
c2812f98a5f25c4542bbabfe74390e583de35a7822bd85b9e341e1e3287cff18,S007-EX09-WEIGHTED-SCORE-00830,2026,1.0048279669677402,0.5638404025995907,-0.1808872742621045,5.554995347609423,21,42,9.0,5.0,0.4691358024691358
470423db2b659e2c2eefedef6593cc259f3b7995bb100035a774dea982a22e84,S007-EX09-WEIGHTED-SCORE-00864,2021,0.03502488114080893,0.03375311974566775,-0.06141016900605323,0.570343343907041,26,52,8.0,4.0,0.35802469135802467
470423db2b659e2c2eefedef6593cc259f3b7995bb100035a774dea982a22e84,S007-EX09-WEIGHTED-SCORE-00864,2022,-0.014735030431013763,-0.014154465295384777,-0.14552912097105453,-0.10125142193323997,33,66,8.0,6.0,0.30578512396694213
470423db2b659e2c2eefedef6593cc259f3b7995bb100035a774dea982a22e84,S007-EX09-WEIGHTED-SCORE-00864,2023,0.05043201394683572,0.048383107908380074,-0.09358723063221086,0.5388770840439638,23,47,5.0,3.0,0.34710743801652894
470423db2b659e2c2eefedef6593cc259f3b7995bb100035a774dea982a22e84,S007-EX09-WEIGHTED-SCORE-00864,2024,0.56631318360662,0.5386694303094173,-0.159521295950669,3.5500788796359135,31,62,8.0,6.0,0.5289256198347108
470423db2b659e2c2eefedef6593cc259f3b7995bb100035a774dea982a22e84,S007-EX09-WEIGHTED-SCORE-00864,2025,0.48059145390358915,0.45998456849545866,-0.10762651461154671,4.465362978985003,24,49,5.0,4.0,0.411522633744856
470423db2b659e2c2eefedef6593cc259f3b7995bb100035a774dea982a22e84,S007-EX09-WEIGHTED-SCORE-00864,2026,1.0048279669677402,0.5638404025995907,-0.1808872742621045,5.554995347609423,21,42,9.0,5.0,0.4691358024691358
eeb83a7bae24d64de548bab18bc40d32ae1d9635116bf99789514a3aeb1db715,S007-EX09-WEIGHTED-SCORE-01174,2021,0.026638907366359987,0.02567540927934253,-0.06141016900605323,0.43378658286601,27,54,8.0,5.0,0.34156378600823045
eeb83a7bae24d64de548bab18bc40d32ae1d9635116bf99789514a3aeb1db715,S007-EX09-WEIGHTED-SCORE-01174,2022,-0.014735030431013763,-0.014154465295384777,-0.14552912097105453,-0.10125142193323997,33,66,8.0,6.0,0.30578512396694213
eeb83a7bae24d64de548bab18bc40d32ae1d9635116bf99789514a3aeb1db715,S007-EX09-WEIGHTED-SCORE-01174,2023,0.05043201394683572,0.048383107908380074,-0.09358723063221086,0.5388770840439638,23,47,5.0,3.0,0.34710743801652894
eeb83a7bae24d64de548bab18bc40d32ae1d9635116bf99789514a3aeb1db715,S007-EX09-WEIGHTED-SCORE-01174,2024,0.5460397609799037,0.5195391804178531,-0.159521295950669,3.422989750213434,32,64,8.0,6.0,0.5330578512396694
eeb83a7bae24d64de548bab18bc40d32ae1d9635116bf99789514a3aeb1db715,S007-EX09-WEIGHTED-SCORE-01174,2025,0.49707928778032895,0.4756591632778593,-0.10762651461154671,4.618557885800009,23,47,5.0,4.0,0.4074074074074074
eeb83a7bae24d64de548bab18bc40d32ae1d9635116bf99789514a3aeb1db715,S007-EX09-WEIGHTED-SCORE-01174,2026,1.0048279669677402,0.5638404025995907,-0.1808872742621045,5.554995347609423,21,42,9.0,5.0,0.4691358024691358
47056ac3af38ed7f494450822374090e2958cd8095707d7f9b4d93439f8feebd,S007-EX09-WEIGHTED-SCORE-00627,2021,0.03445148335849879,0.033200874377358636,-0.06141016900605323,0.5610061642250633,28,56,8.0,5.0,0.345679012345679
47056ac3af38ed7f494450822374090e2958cd8095707d7f9b4d93439f8feebd,S007-EX09-WEIGHTED-SCORE-00627,2022,-0.04711370094542544,-0.0452871112826424,-0.14602051454333287,-0.3226512459072594,33,66,8.0,6.0,0.3181818181818182
47056ac3af38ed7f494450822374090e2958cd8095707d7f9b4d93439f8feebd,S007-EX09-WEIGHTED-SCORE-00627,2023,0.05863246353371632,0.05624156813712422,-0.08465829094784139,0.6925779256498364,25,51,6.0,3.0,0.32644628099173556
47056ac3af38ed7f494450822374090e2958cd8095707d7f9b4d93439f8feebd,S007-EX09-WEIGHTED-SCORE-00627,2024,0.4634834261817393,0.4415337015041765,-0.159521295950669,2.905464273090339,31,62,8.0,6.0,0.5082644628099173
47056ac3af38ed7f494450822374090e2958cd8095707d7f9b4d93439f8feebd,S007-EX09-WEIGHTED-SCORE-00627,2025,0.5716847299637062,0.5465087534218314,-0.10762651461154671,5.311746199596554,27,55,6.0,5.0,0.4279835390946502
47056ac3af38ed7f494450822374090e2958cd8095707d7f9b4d93439f8feebd,S007-EX09-WEIGHTED-SCORE-00627,2026,1.0048279669677402,0.5638404025995907,-0.1808872742621045,5.554995347609423,21,42,9.0,5.0,0.4691358024691358
919906456465c19a65dba780a180b29c42125c6ba4cba118f1a58dadb660dadc,S007-EX09-WEIGHTED-SCORE-00953,2021,0.00973555951522842,0.009386234346789424,-0.07344972739544853,0.13254725184768631,27,54,8.0,5.0,0.3786008230452675
919906456465c19a65dba780a180b29c42125c6ba4cba118f1a58dadb660dadc,S007-EX09-WEIGHTED-SCORE-00953,2022,-0.016411126626681205,-0.01576505257398264,-0.14552912097105453,-0.11276867830422303,32,64,8.0,6.0,0.30165289256198347
919906456465c19a65dba780a180b29c42125c6ba4cba118f1a58dadb660dadc,S007-EX09-WEIGHTED-SCORE-00953,2023,0.055963344955825,0.053684027842002324,-0.08920724905531918,0.6273407772177911,25,51,5.0,3.0,0.359504132231405
919906456465c19a65dba780a180b29c42125c6ba4cba118f1a58dadb660dadc,S007-EX09-WEIGHTED-SCORE-00953,2024,0.5279815659863194,0.502490865708676,-0.159521295950669,3.3097873411810452,32,64,8.0,7.0,0.5041322314049587
919906456465c19a65dba780a180b29c42125c6ba4cba118f1a58dadb660dadc,S007-EX09-WEIGHTED-SCORE-00953,2025,0.5003232772368498,0.4787424196053338,-0.10762651461154671,4.648699059359603,21,43,5.5,3.0,0.43209876543209874
919906456465c19a65dba780a180b29c42125c6ba4cba118f1a58dadb660dadc,S007-EX09-WEIGHTED-SCORE-00953,2026,0.9432603543359805,0.5327954697052153,-0.1808872742621046,5.214630814598941,19,38,9.0,4.0,0.4567901234567901
5a34293f504db3aa1c4e0d9a47cdf53d32bd53548d32018f4d325b2894c453d1,S007-EX09-WEIGHTED-SCORE-00659,2021,0.03445148335849879,0.033200874377358636,-0.06141016900605323,0.5610061642250633,28,56,8.0,5.0,0.345679012345679
5a34293f504db3aa1c4e0d9a47cdf53d32bd53548d32018f4d325b2894c453d1,S007-EX09-WEIGHTED-SCORE-00659,2022,-0.014735030431013763,-0.014154465295384777,-0.14552912097105453,-0.10125142193323997,33,66,8.0,6.0,0.30578512396694213
5a34293f504db3aa1c4e0d9a47cdf53d32bd53548d32018f4d325b2894c453d1,S007-EX09-WEIGHTED-SCORE-00659,2023,0.0524446723706804,0.05031205566902064,-0.09191949784588571,0.5705500312742169,23,47,5.0,3.0,0.33884297520661155
5a34293f504db3aa1c4e0d9a47cdf53d32bd53548d32018f4d325b2894c453d1,S007-EX09-WEIGHTED-SCORE-00659,2024,0.47532188754398774,0.4527300797682865,-0.159521295950669,2.9796766927656995,31,62,8.0,6.0,0.512396694214876
5a34293f504db3aa1c4e0d9a47cdf53d32bd53548d32018f4d325b2894c453d1,S007-EX09-WEIGHTED-SCORE-00659,2025,0.48059145390358915,0.45998456849545866,-0.10762651461154671,4.465362978985003,24,49,5.0,4.0,0.411522633744856
5a34293f504db3aa1c4e0d9a47cdf53d32bd53548d32018f4d325b2894c453d1,S007-EX09-WEIGHTED-SCORE-00659,2026,1.0048279669677402,0.5638404025995907,-0.1808872742621045,5.554995347609423,21,42,9.0,5.0,0.4691358024691358
3ffb8d644ec75f2174dba5e155768170967fbd93cbe85324a035c9b924c74661,S007-EX09-WEIGHTED-SCORE-00515,2021,0.040203938232960645,0.03874062922323329,-0.07344972739544853,0.5473667453727264,31,62,9.0,6.0,0.36213991769547327
3ffb8d644ec75f2174dba5e155768170967fbd93cbe85324a035c9b924c74661,S007-EX09-WEIGHTED-SCORE-00515,2022,-0.03181618547978904,-0.03057314232930619,-0.15983477870651375,-0.19905671179493073,35,70,8.0,7.0,0.30991735537190085
3ffb8d644ec75f2174dba5e155768170967fbd93cbe85324a035c9b924c74661,S007-EX09-WEIGHTED-SCORE-00515,2023,0.05400792917235275,0.05181019234355855,-0.08778700120441696,0.6152155607479092,29,59,7.0,4.0,0.34710743801652894
3ffb8d644ec75f2174dba5e155768170967fbd93cbe85324a035c9b924c74661,S007-EX09-WEIGHTED-SCORE-00515,2024,0.4890630174528048,0.46572146336428344,-0.12001055845492792,4.075166583250931,38,76,9.0,7.0,0.48760330578512395
3ffb8d644ec75f2174dba5e155768170967fbd93cbe85324a035c9b924c74661,S007-EX09-WEIGHTED-SCORE-00515,2025,0.46072571211786006,0.44109038735422224,-0.08818295405821364,5.224657271219489,35,71,10.0,6.0,0.38271604938271603
3ffb8d644ec75f2174dba5e155768170967fbd93cbe85324a035c9b924c74661,S007-EX09-WEIGHTED-SCORE-00515,2026,1.0097612098699185,0.5663131037373754,-0.18523959316215932,5.451108980713267,27,54,11.0,8.0,0.43209876543209874
5e26312e6c1c69df76173212ee4e2625c638b3f231c06e6833cb5b574cc50971,S007-EX09-WEIGHTED-SCORE-00584,2021,0.03445148335849879,0.033200874377358636,-0.06141016900605323,0.5610061642250633,28,56,8.0,5.0,0.345679012345679
5e26312e6c1c69df76173212ee4e2625c638b3f231c06e6833cb5b574cc50971,S007-EX09-WEIGHTED-SCORE-00584,2022,-0.04711370094542544,-0.0452871112826424,-0.14602051454333287,-0.3226512459072594,33,66,8.0,6.0,0.3181818181818182
5e26312e6c1c69df76173212ee4e2625c638b3f231c06e6833cb5b574cc50971,S007-EX09-WEIGHTED-SCORE-00584,2023,0.051376680646116224,0.04928850219561487,-0.08465829094784139,0.6068712239628106,24,49,5.0,3.0,0.32231404958677684
5e26312e6c1c69df76173212ee4e2625c638b3f231c06e6833cb5b574cc50971,S007-EX09-WEIGHTED-SCORE-00584,2024,0.4634834261817393,0.4415337015041765,-0.159521295950669,2.905464273090339,31,62,8.0,6.0,0.5082644628099173
5e26312e6c1c69df76173212ee4e2625c638b3f231c06e6833cb5b574cc50971,S007-EX09-WEIGHTED-SCORE-00584,2025,0.522981659016156,0.5002715146394006,-0.1076265146115466,4.859226937746143,25,51,6.0,4.0,0.4279835390946502
5e26312e6c1c69df76173212ee4e2625c638b3f231c06e6833cb5b574cc50971,S007-EX09-WEIGHTED-SCORE-00584,2026,1.0048279669677402,0.5638404025995907,-0.1808872742621045,5.554995347609423,21,42,9.0,5.0,0.4691358024691358
827990d74bbbb2dc781553084cfd61ac42c66c6305a906cfbd7a2f2442b1b9da,S007-EX09-WEIGHTED-SCORE-00841,2021,0.019901546438479745,0.01918400320367364,-0.07198306787677677,0.276475385469093,35,70,9.0,7.0,0.3991769547325103
827990d74bbbb2dc781553084cfd61ac42c66c6305a906cfbd7a2f2442b1b9da,S007-EX09-WEIGHTED-SCORE-00841,2022,-0.0393769697718831,-0.03784434704437123,-0.1579247491092498,-0.24934008123478316,38,76,10.0,8.0,0.34297520661157027
827990d74bbbb2dc781553084cfd61ac42c66c6305a906cfbd7a2f2442b1b9da,S007-EX09-WEIGHTED-SCORE-00841,2023,0.08965647254223308,0.08595006777004355,-0.10567605412269865,0.8484085944213482,32,65,7.0,5.0,0.3884297520661157
827990d74bbbb2dc781553084cfd61ac42c66c6305a906cfbd7a2f2442b1b9da,S007-EX09-WEIGHTED-SCORE-00841,2024,0.5285422482663378,0.5030203123773067,-0.16155486479770986,3.271595992656423,37,74,10.0,8.0,0.5206611570247934
827990d74bbbb2dc781553084cfd61ac42c66c6305a906cfbd7a2f2442b1b9da,S007-EX09-WEIGHTED-SCORE-00841,2025,0.3847363783853557,0.3687315454076807,-0.10762651461154682,3.5747360190374393,40,81,11.0,8.0,0.45267489711934156
827990d74bbbb2dc781553084cfd61ac42c66c6305a906cfbd7a2f2442b1b9da,S007-EX09-WEIGHTED-SCORE-00841,2026,1.0700212347412719,0.5963446368148111,-0.1808872742621046,5.915403607612647,24,48,9.0,6.200000000000001,0.46296296296296297
1dcd9e22286b3bb8c575ff84490a2180282d1773f08bf2d32e028f225a13667a,S007-EX09-WEIGHTED-SCORE-00294,2021,0.040390044438130435,0.038919835750614196,-0.07344972739544853,0.549900535650365,32,64,9.0,6.0,0.37037037037037035
1dcd9e22286b3bb8c575ff84490a2180282d1773f08bf2d32e028f225a13667a,S007-EX09-WEIGHTED-SCORE-00294,2022,-0.036373586491675214,-0.03495572306018657,-0.15983477870651375,-0.22756991179287617,35,70,8.0,7.0,0.3140495867768595
1dcd9e22286b3bb8c575ff84490a2180282d1773f08bf2d32e028f225a13667a,S007-EX09-WEIGHTED-SCORE-00294,2023,0.1392194592765328,0.13334222461788392,-0.08650236744419004,1.609429468694657,32,65,7.0,5.0,0.3677685950413223
1dcd9e22286b3bb8c575ff84490a2180282d1773f08bf2d32e028f225a13667a,S007-EX09-WEIGHTED-SCORE-00294,2024,0.4890630174528048,0.46572146336428344,-0.12001055845492792,4.075166583250931,38,76,9.0,7.0,0.48760330578512395
1dcd9e22286b3bb8c575ff84490a2180282d1773f08bf2d32e028f225a13667a,S007-EX09-WEIGHTED-SCORE-00294,2025,0.3525053451983471,0.3379979707965768,-0.08818295405821341,3.997431804854745,36,73,10.0,7.0,0.3991769547325103
1dcd9e22286b3bb8c575ff84490a2180282d1773f08bf2d32e028f225a13667a,S007-EX09-WEIGHTED-SCORE-00294,2026,1.0097612098699185,0.5663131037373754,-0.18523959316215932,5.451108980713267,27,54,11.0,8.0,0.43209876543209874
5b8d50f56404eecd5675fc07b99835b1866bb07064f70bcb31ba2fde572c8121,S007-EX09-WEIGHTED-SCORE-00967,2021,0.03445148335849879,0.033200874377358636,-0.06141016900605323,0.5610061642250633,28,56,8.0,5.0,0.345679012345679
5b8d50f56404eecd5675fc07b99835b1866bb07064f70bcb31ba2fde572c8121,S007-EX09-WEIGHTED-SCORE-00967,2022,-0.03468762573901929,-0.033334339511427724,-0.14552912097105453,-0.2383552206428746,33,66,8.0,6.0,0.30991735537190085
5b8d50f56404eecd5675fc07b99835b1866bb07064f70bcb31ba2fde572c8121,S007-EX09-WEIGHTED-SCORE-00967,2023,0.0524446723706804,0.05031205566902064,-0.09191949784588571,0.5705500312742169,23,47,5.0,3.0,0.33884297520661155
5b8d50f56404eecd5675fc07b99835b1866bb07064f70bcb31ba2fde572c8121,S007-EX09-WEIGHTED-SCORE-00967,2024,0.47532188754398774,0.4527300797682865,-0.159521295950669,2.9796766927656995,31,62,8.0,6.0,0.512396694214876
5b8d50f56404eecd5675fc07b99835b1866bb07064f70bcb31ba2fde572c8121,S007-EX09-WEIGHTED-SCORE-00967,2025,0.48059145390358915,0.45998456849545866,-0.10762651461154671,4.465362978985003,24,49,5.0,4.0,0.411522633744856
5b8d50f56404eecd5675fc07b99835b1866bb07064f70bcb31ba2fde572c8121,S007-EX09-WEIGHTED-SCORE-00967,2026,1.0048279669677402,0.5638404025995907,-0.1808872742621045,5.554995347609423,21,42,9.0,5.0,0.4691358024691358
997ea60a206c57ab71b8fc71e4cc4f270ec9a981005d577c421db5389f453e5f,S007-EX09-WEIGHTED-SCORE-00975,2021,0.05630856771994841,0.054243982649568645,-0.04945126305971437,1.138667937600574,28,56,8.0,5.0,0.3292181069958848
997ea60a206c57ab71b8fc71e4cc4f270ec9a981005d577c421db5389f453e5f,S007-EX09-WEIGHTED-SCORE-00975,2022,-0.0472788871249491,-0.045446047082154606,-0.15623509909514488,-0.3026137365980544,33,66,8.0,6.0,0.30578512396694213
997ea60a206c57ab71b8fc71e4cc4f270ec9a981005d577c421db5389f453e5f,S007-EX09-WEIGHTED-SCORE-00975,2023,0.08541975781176481,0.08189500249515502,-0.07593048437031658,1.124973171449409,23,47,5.0,3.0,0.30165289256198347
997ea60a206c57ab71b8fc71e4cc4f270ec9a981005d577c421db5389f453e5f,S007-EX09-WEIGHTED-SCORE-00975,2024,0.5129949095373916,0.48833624946825127,-0.15253394330417824,3.363152478883954,31,62,8.0,6.0,0.49173553719008267
997ea60a206c57ab71b8fc71e4cc4f270ec9a981005d577c421db5389f453e5f,S007-EX09-WEIGHTED-SCORE-00975,2025,0.3571234459935515,0.34240310511623995,-0.10762651461154671,3.3181734750261764,21,43,5.0,3.0,0.37448559670781895
997ea60a206c57ab71b8fc71e4cc4f270ec9a981005d577c421db5389f453e5f,S007-EX09-WEIGHTED-SCORE-00975,2026,1.001133178276271,0.561987031367936,-0.1808872742621045,5.534569429276907,21,42,9.0,5.0,0.42592592592592593
003fa564a60c4470591691ed72f1d62274e9f82017d97c4e9b4afead8450b072,S007-EX09-WEIGHTED-SCORE-01152,2021,0.02219213545398291,0.021391143045448313,-0.07708896648658992,0.28787693577190926,26,52,8.0,4.0,0.36213991769547327
003fa564a60c4470591691ed72f1d62274e9f82017d97c4e9b4afead8450b072,S007-EX09-WEIGHTED-SCORE-01152,2022,-0.014735030431013763,-0.014154465295384777,-0.14552912097105453,-0.10125142193323997,33,66,8.0,6.0,0.30578512396694213
003fa564a60c4470591691ed72f1d62274e9f82017d97c4e9b4afead8450b072,S007-EX09-WEIGHTED-SCORE-01152,2023,0.07315098218308957,0.0701486991096607,-0.09191949784588593,0.7958157289516091,22,45,4.0,2.0,0.33884297520661155
003fa564a60c4470591691ed72f1d62274e9f82017d97c4e9b4afead8450b072,S007-EX09-WEIGHTED-SCORE-01152,2024,0.3736378290224016,0.3564416664901495,-0.159521295950669,2.342244192511744,33,66,9.0,7.0,0.512396694214876
003fa564a60c4470591691ed72f1d62274e9f82017d97c4e9b4afead8450b072,S007-EX09-WEIGHTED-SCORE-01152,2025,0.4860735107868386,0.46519691907696914,-0.10762651461154671,4.516298911483009,22,45,5.0,4.0,0.40329218106995884
003fa564a60c4470591691ed72f1d62274e9f82017d97c4e9b4afead8450b072,S007-EX09-WEIGHTED-SCORE-01152,2026,1.0044307277800968,0.563641198971728,-0.1808872742621046,5.552799288272112,19,38,9.0,4.0,0.4506172839506173
