omitted_count,omitted_signal_dates,remaining_trades,mean_return_4,mean_return_5,mean_return_6,mean_band_return,mean_peak_advantage
1,2021-03-10,24,0.008797155597841416,0.011738307442162746,0.011240805260824585,0.010592089433609583,0.0017193270128297439
1,2021-05-21,24,0.008593387000652791,0.011880895980848108,0.011037527184274873,0.010503936721925256,0.0020654388883842765
1,2022-08-04,24,0.008309483471914486,0.010965309725627648,0.010563505695633616,0.009946099631058582,0.0015288151418535966
1,2022-10-25,24,0.009993588492457925,0.012377661052481328,0.011660589105371877,0.011343946216770375,0.0015505722535664272
1,2022-12-02,24,0.009771266952670119,0.013013822085006685,0.01251084463275312,0.01176531122347664,0.0018727662922950656
1,2023-02-17,24,0.00902731703077514,0.012482258423676423,0.011938539547030494,0.011149371667160684,0.0019993301347736073
1,2023-03-06,24,0.010767863433360494,0.01390081471622486,0.01332359894558357,0.012664092365056306,0.001855083526752827
1,2023-03-20,24,0.008764525010336024,0.012053991894414343,0.011497553171667776,0.010772023358806046,0.001922952803412444
1,2023-03-29,24,0.008702211831157528,0.011898698199406624,0.010930733056348932,0.010510547695637695,0.002082225755653394
1,2023-05-11,24,0.009691639341963687,0.013028413531994779,0.012350703502058849,0.011690252125339105,0.0020072421099835125
1,2023-07-10,24,0.009392076683680242,0.012722802786032883,0.012242289009001012,0.011452389492904712,0.0019056199396922564
1,2023-07-18,24,0.009761091540856628,0.012716095688940702,0.01215352065190133,0.011543569293899554,0.0017587895925617232
1,2023-09-15,24,0.010293302312340533,0.012873197014658971,0.012477417891893453,0.011881305739630985,0.0014878369125419788
1,2023-10-11,24,0.010117834062404898,0.013965166810395807,0.01383126094652296,0.012638087273107888,0.0019906193059318783
1,2023-11-02,24,0.008587388328089677,0.012013021382199682,0.011416293883047648,0.010672234531112336,0.00201118027663102
1,2023-12-15,24,0.01034369542225734,0.013717762654544339,0.013181361272526976,0.012414273116442885,0.001955234307152181
1,2024-03-14,24,0.008644729262736822,0.012233163745553102,0.012306947290226272,0.01106161343283873,0.001757325469071554
1,2024-06-03,24,0.010085106648603718,0.01321948192980523,0.012355170632585635,0.011886586403664861,0.001999343289210552
1,2024-11-26,24,0.007754197887595099,0.011159818433570187,0.010959039766182371,0.009957685362449217,0.001803199606681451
1,2025-01-23,24,0.008289136981826725,0.01082520712320977,0.009944451828893253,0.009686265311309915,0.0017084127178497814
1,2025-03-25,24,0.010081253172367183,0.013252052757864405,0.012893864059989851,0.012075723330073812,0.0017644941416858882
1,2025-04-24,24,0.009263269181355477,0.01147827653075357,0.011393514528354048,0.010711686746821032,0.0011498846758988084
1,2025-11-20,24,0.009790682642856189,0.013166413560326218,0.011959795646186322,0.011638963949789576,0.002291174415804962
1,2026-04-02,24,0.00787743039678504,0.011315706304382047,0.010042984573338992,0.009745373758168693,0.002355498819320031
1,2026-08-03,24,0.0066327004084193635,0.009958888327860025,0.009423456040093823,0.008671681592124404,0.0019308101036034319
2,2021-03-10|2021-05-21,23,0.00817568214211115,0.011256680610883479,0.010480183067830235,0.009970848606941621,0.0019287480059127866
2,2021-03-10|2022-08-04,23,0.00787943498168857,0.010301286257609954,0.009985551949248052,0.009388757729515524,0.0013687927921416424
2,2021-03-10|2022-10-25,23,0.00963676195964694,0.011775044163892055,0.011130334637670585,0.010847380253736527,0.0013914958652332919
2,2021-03-10|2022-12-02,23,0.009404774265955318,0.012438864371744603,0.012017557796677101,0.011287065478125673,0.0017276983404283929
2,2021-03-10|2023-02-17,23,0.008628478695282295,0.011884189246878242,0.011420369881140447,0.010644345941100327,0.001859764958666871
2,2021-03-10|2023-03-06,23,0.010444701028414839,0.013364421899972261,0.012865649253543658,0.012224924060643585,0.0017092467589930134
2,2021-03-10|2023-03-20,23,0.008354260934824087,0.011437302433735202,0.010960210185109785,0.010250591184556358,0.001780066873768266
2,2021-03-10|2023-03-29,23,0.008289238486985658,0.011275256838944538,0.010368745716950992,0.009977747014293728,0.0019462647369762138
2,2021-03-10|2023-05-11,23,0.009321684585218171,0.01245409022947131,0.011850454008126555,0.011208742940938678,0.001868020932798946
2,2021-03-10|2023-07-10,23,0.009009097463531098,0.012135192059771939,0.01173732584145751,0.010960538454920182,0.0017619804072776355
2,2021-03-10|2023-07-18,23,0.009394156444932545,0.012128193349762706,0.011644697990570885,0.011055682595088712,0.0016087661320109922
2,2021-03-10|2023-09-15,23,0.00994950681517662,0.01229212516790351,0.011982677719258317,0.011408103234112817,0.0013260329006860414
2,2021-03-10|2023-10-11,23,0.009766409510895956,0.013431571911281076,0.013395383515393456,0.012197788312523496,0.0018506753981363713
2,2021-03-10|2023-11-02,23,0.008169422657697465,0.011394550594902512,0.010875417883940955,0.01014646371218031,0.0018721303240833021
2,2021-03-10|2023-12-15,23,0.010002090929872419,0.013173411053001283,0.012717227333832428,0.011964243105568711,0.0018137519211488611
2,2021-03-10|2024-03-14,23,0.008229256676459703,0.011624264365358253,0.01180479535230126,0.010552772131373072,0.0016072383509777722
2,2021-03-10|2024-06-03,23,0.009732259166059942,0.01265346594892569,0.011855115361719725,0.01141361349223512,0.001859778685035857
2,2021-03-10|2024-11-26,23,0.007300006545877036,0.01050425186589782,0.010398283153298927,0.009400847188357929,0.0016551070163098385
2,2021-03-10|2025-01-23,23,0.007858203861596993,0.010155092237695647,0.009339582696997238,0.009117626265429958,0.001556198958398531
2,2021-03-10|2025-03-25,23,0.009728238147378342,0.012687452899943963,0.01241723024248934,0.01161097376327055,0.0016147187050101208
2,2021-03-10|2025-04-24,23,0.0088746896350183,0.01083655596730657,0.010851648122521547,0.01018763124161547,0.000973387088536646
2,2021-03-10|2025-11-20,23,0.00942503411658426,0.012598090259034548,0.01144255015852044,0.011155224844713084,0.002164298121482198
2,2021-03-10|2026-04-02,23,0.007428596990249148,0.01066691747022324,0.009442399473810184,0.009179304644760857,0.002231419238193574
2,2021-03-10|2026-08-03,23,0.006129748306737138,0.009251107407765479,0.008795934917380442,0.008058930210627688,0.001788265795706688
2,2021-05-21|2022-08-04,23,0.0076668068802743525,0.01045007429797729,0.009773435695457048,0.00929677229123623,0.0017299530101115893
2,2021-05-21|2022-10-25,23,0.009424133858232722,0.011923832204259391,0.010918218383879581,0.010755394815457233,0.0017526560832032388
2,2021-05-21|2022-12-02,23,0.009192146164541101,0.012587652412111938,0.011805441542886097,0.01119508003984638,0.00208885855839834
2,2021-05-21|2023-02-17,23,0.008415850593868079,0.012032977287245578,0.011208253627349441,0.010552360502821033,0.002220925176636818
2,2021-05-21|2023-03-06,23,0.010232072927000622,0.013513209940339598,0.012653532999752654,0.012132938622364291,0.00207040697696296
2,2021-05-21|2023-03-20,23,0.00814163283340987,0.011586090474102539,0.010748093931318781,0.01015860574627706,0.002141227091738213
2,2021-05-21|2023-03-29,23,0.00807661038557144,0.011424044879311875,0.010156629463159988,0.009885761576014434,0.0023074249549461605
2,2021-05-21|2023-05-11,23,0.009109056483803953,0.012602878269838646,0.011638337754335551,0.011116757502659384,0.002229181150768893
2,2021-05-21|2023-07-10,23,0.00879646936211688,0.012283980100139275,0.011525209587666506,0.010868553016640888,0.0021231406252475824
2,2021-05-21|2023-07-18,23,0.009181528343518326,0.012276981390130042,0.01143258173677988,0.010963697156809418,0.001969926349980939
2,2021-05-21|2023-09-15,23,0.0097368787137624,0.012440913208270845,0.011770561465467313,0.01131611779583352,0.0016871931186559883
2,2021-05-21|2023-10-11,23,0.00955378140948174,0.013580359951648413,0.01318326726160245,0.012105802874244202,0.0022118356161063184
2,2021-05-21|2023-11-02,23,0.007956794556283248,0.011543338635269849,0.010663301630149951,0.010054478273901015,0.002233290542053249
2,2021-05-21|2023-12-15,23,0.0097894628284582,0.01332219909336862,0.012505111080041424,0.011872257667289417,0.0021749121391188083
2,2021-05-21|2024-03-14,23,0.008016628575045487,0.01177305240572559,0.011592679098510255,0.010460786693093778,0.001968398568947719
2,2021-05-21|2024-06-03,23,0.009519631064645725,0.012802253989293027,0.011642999107928721,0.011321628053955824,0.002220938903005804
2,2021-05-21|2024-11-26,23,0.007087378444462818,0.010653039906265156,0.010186166899507923,0.009308861750078631,0.0020162672342797856
2,2021-05-21|2025-01-23,23,0.007645575760182775,0.010303880278062982,0.009127466443206235,0.009025640827150664,0.001917359176368478
2,2021-05-21|2025-03-25,23,0.009515610045964124,0.012836240940311298,0.012205113988698337,0.011518988324991253,0.0019758789229800677
2,2021-05-21|2025-04-24,23,0.008662061533604081,0.010985344007673906,0.010639531868730543,0.010095645803336176,0.001334547306506593
2,2021-05-21|2025-11-20,23,0.009212406015170043,0.012746878299401885,0.011230433904729437,0.011063239406433788,0.0025254583394521447
2,2021-05-21|2026-04-02,23,0.007215968888834931,0.010815705510590577,0.00923028322001918,0.009087319206481563,0.002592579456163521
2,2021-05-21|2026-08-03,23,0.005917120205322921,0.009399895448132814,0.008583818663589439,0.007966944772348392,0.0021494260136766348
2,2022-08-04|2022-10-25,23,0.009127886697810143,0.010968437850985866,0.0104235872652974,0.010173303938031137,0.0011927008694320946
2,2022-08-04|2022-12-02,23,0.008895899004118522,0.011632258058838415,0.011310810424303916,0.010612989162420285,0.0015289033446271958
2,2022-08-04|2023-02-17,23,0.0081196034334455,0.011077582933972053,0.01071362250876726,0.009970269625394936,0.0016609699628656737
2,2022-08-04|2023-03-06,23,0.009935825766578043,0.012557815587066073,0.012158901881170471,0.011550847744938197,0.001510451763191816
2,2022-08-04|2023-03-20,23,0.00784538567298729,0.010630696120829014,0.010253462812736598,0.009576514868850966,0.0015812718779670686
2,2022-08-04|2023-03-29,23,0.007780363225148862,0.01046865052603835,0.009661998344577805,0.009303670698588338,0.0017474697411750165
2,2022-08-04|2023-05-11,23,0.008812809323381373,0.01164748391656512,0.01114370663575337,0.01053466662523329,0.0016692259369977488
2,2022-08-04|2023-07-10,23,0.0085002222016943,0.01132858574686575,0.011030578469084323,0.01028646213921479,0.0015631854114764381
2,2022-08-04|2023-07-18,23,0.008885281183095747,0.011321587036856517,0.0109379506181977,0.010381606279383324,0.0014099711362097948
2,2022-08-04|2023-09-15,23,0.009440631553339822,0.011485518854997321,0.011275930346885132,0.010734026918407425,0.001127237904884844
2,2022-08-04|2023-10-11,23,0.00925753424905916,0.012624965598374888,0.012688636143020269,0.011523711996818106,0.0016518804023351742
2,2022-08-04|2023-11-02,23,0.007660547395860668,0.010587944281996324,0.010168670511567768,0.009472387396474921,0.0016733353282821048
2,2022-08-04|2023-12-15,23,0.009493215668035621,0.012366804740095095,0.012010479961459241,0.01129016678986332,0.001614956925347664
2,2022-08-04|2024-03-14,23,0.0077203814146229064,0.010817658052452064,0.011098047979928072,0.00987869581566768,0.0014084433551765749
2,2022-08-04|2024-06-03,23,0.009223383904223146,0.011846859636019502,0.01114836798934654,0.01073953717652973,0.0016609836892346596
2,2022-08-04|2024-11-26,23,0.006791131284040239,0.009697645552991631,0.009691535780925742,0.008726770872652537,0.0014563120205086414
2,2022-08-04|2025-01-23,23,0.007349328599760196,0.009348485924789459,0.008632835324624053,0.00844354994972457,0.0013574039625973337
2,2022-08-04|2025-03-25,23,0.009219362885541545,0.011880846587037775,0.011710482870116156,0.01093689744756516,0.0014159237092089235
2,2022-08-04|2025-04-24,23,0.008365814373181502,0.010029949654400381,0.010144900750148362,0.009513554925910082,0.0007745920927354488
2,2022-08-04|2025-11-20,23,0.008916158854747464,0.01179148394612836,0.010735802786147256,0.010481148529007693,0.0019655031256810007
2,2022-08-04|2026-04-02,23,0.0069197217284123515,0.009860311157317052,0.008735652101436998,0.008505228329055469,0.0020326242423923764
2,2022-08-04|2026-08-03,23,0.0056208730449003414,0.00844450109485929,0.008089187545007257,0.007384853894922297,0.0015894707999054907
2,2022-10-25|2022-12-02,23,0.01065322598207689,0.013106015965120515,0.012455593112726449,0.012071611686641287,0.001551606417718845
2,2022-10-25|2023-02-17,23,0.009876930411403868,0.012551340840254154,0.011858405197189793,0.01142889214961594,0.0016836730359573232
2,2022-10-25|2023-03-06,23,0.011693152744536412,0.014031573493348173,0.013303684569593004,0.013009470269159199,0.0015331548362834656
2,2022-10-25|2023-03-20,23,0.009602712650945661,0.012104454027111114,0.011398245501159131,0.01103513739307197,0.001603974951058718
2,2022-10-25|2023-03-29,23,0.00953769020310723,0.01194240843232045,0.010806781033000338,0.010762293222809341,0.001770172814266666
2,2022-10-25|2023-05-11,23,0.010570136301339744,0.013121241822847221,0.012288489324175903,0.01199328914945429,0.001691929010089398
2,2022-10-25|2023-07-10,23,0.01025754917965267,0.01280234365314785,0.012175361157506856,0.011745084663435794,0.0015858884845680876
2,2022-10-25|2023-07-18,23,0.010642608161054118,0.01279534494313862,0.012082733306620231,0.011840228803604325,0.0014326742093014443
2,2022-10-25|2023-09-15,23,0.011197958531298192,0.012959276761279422,0.012420713035307663,0.012192649442628427,0.0011499409779764935
2,2022-10-25|2023-10-11,23,0.011014861227017529,0.014098723504656989,0.013833418831442802,0.01298233452103911,0.0016745834754268234
2,2022-10-25|2023-11-02,23,0.009417874373819038,0.012061702188278425,0.011313453199990301,0.010931009920695922,0.0016960384013737543
2,2022-10-25|2023-12-15,23,0.011250542645993991,0.013840562646377197,0.013155262649881774,0.012748789314084323,0.0016376599984393133
2,2022-10-25|2024-03-14,23,0.009477708392581276,0.012291415958734165,0.012242830668350605,0.011337318339888684,0.0014311464282682244
2,2022-10-25|2024-06-03,23,0.010980710882181517,0.013320617542301603,0.012293150677769071,0.012198159700750732,0.001683686762326309
2,2022-10-25|2024-11-26,23,0.008548458261998609,0.011171403459273732,0.010836318469348275,0.010185393396873538,0.0014790150936002907
2,2022-10-25|2025-01-23,23,0.009106655577718566,0.01082224383107156,0.009777618013046585,0.00990217247394557,0.0013801070356889832
2,2022-10-25|2025-03-25,23,0.010976689863499915,0.013354604493319875,0.012855265558538689,0.012395519971786161,0.001438626782300573
2,2022-10-25|2025-04-24,23,0.010123141351139873,0.011503707560682482,0.011289683438570895,0.010972177450131083,0.0007972951658270982
2,2022-10-25|2025-11-20,23,0.010673485832705833,0.01326524185241046,0.011880585474569789,0.011939771053228694,0.00198820619877265
2,2022-10-25|2026-04-02,23,0.008677048706370722,0.011334069063599152,0.00988043478985953,0.00996385085327647,0.002055327315484026
2,2022-10-25|2026-08-03,23,0.007378200022858711,0.009918259001141391,0.009233970233429789,0.008843476419143298,0.00161217387299714
2,2022-12-02|2023-02-17,23,0.009644942717712246,0.013215161048106702,0.012745628356196309,0.011868577374005086,0.002019875511152424
2,2022-12-02|2023-03-06,23,0.01146116505084479,0.014695393701200722,0.01419090772859952,0.013449155493548345,0.0018693573114785666
2,2022-12-02|2023-03-20,23,0.009370724957254039,0.012768274234963661,0.012285468660165647,0.011474822617461116,0.001940177426253819
2,2022-12-02|2023-03-29,23,0.00930570250941561,0.012606228640172999,0.011694004192006854,0.011201978447198488,0.0021063752894617672
2,2022-12-02|2023-05-11,23,0.010338148607648121,0.013785062030699768,0.013175712483182419,0.012432974373843437,0.002028131485284499
2,2022-12-02|2023-07-10,23,0.010025561485961048,0.0134661638610004,0.013062584316513371,0.01218476988782494,0.0019220909597631886
2,2022-12-02|2023-07-18,23,0.010410620467362495,0.013459165150991166,0.012969956465626747,0.01227991402799347,0.0017688766844965453
2,2022-12-02|2023-09-15,23,0.01096597083760657,0.013623096969131969,0.013307936194314179,0.012632334667017575,0.0014861434531715945
2,2022-12-02|2023-10-11,23,0.010782873533325908,0.014762543712509537,0.014720641990449318,0.013422019745428256,0.0020107859506219247
2,2022-12-02|2023-11-02,23,0.009185886680127417,0.012725522396130973,0.012200676358996817,0.01137069514508507,0.0020322408765688555
2,2022-12-02|2023-12-15,23,0.011018554952302369,0.014504382854229744,0.01404248580888829,0.01318847453847347,0.0019738624736344145
2,2022-12-02|2024-03-14,23,0.009245720698889655,0.012955236166586713,0.013130053827357121,0.01177700356427783,0.0017673489034633254
2,2022-12-02|2024-06-03,23,0.010748723188489894,0.013984437750154151,0.013180373836775587,0.012637844925139877,0.00201988923752141
2,2022-12-02|2024-11-26,23,0.008316470568306988,0.01183522366712628,0.01172354162835479,0.010625078621262687,0.001815217568795392
2,2022-12-02|2025-01-23,23,0.008874667884026943,0.011486064038924106,0.0106648411720531,0.010341857698334716,0.0017163095108840842
2,2022-12-02|2025-03-25,23,0.010744702169808292,0.014018424701172422,0.013742488717545204,0.012835205196175307,0.001774829257495674
2,2022-12-02|2025-04-24,23,0.00989115365744825,0.01216752776853503,0.012176906597577409,0.01141186267452023,0.0011334976410221993
2,2022-12-02|2025-11-20,23,0.010441498139014212,0.013929062060263009,0.012767808633576305,0.01237945627761784,0.002324408673967751
2,2022-12-02|2026-04-02,23,0.0084450610126791,0.0119978892714517,0.010767657948866046,0.010403536077665617,0.002391529790679127
2,2022-12-02|2026-08-03,23,0.007146212329167089,0.010582079208993938,0.010121193392436304,0.009283161643532444,0.0019483763481922412
2,2023-02-17|2023-03-06,23,0.010684869480171767,0.01414071857633436,0.013593719813062866,0.012806435956523,0.0020014239297170447
2,2023-02-17|2023-03-20,23,0.008594429386581016,0.012213599110097301,0.011688280744628991,0.01083210308043577,0.002072244044492297
2,2023-02-17|2023-03-29,23,0.008529406938742587,0.012051553515306637,0.0110968162764702,0.010559258910173142,0.002238441907700245
2,2023-02-17|2023-05-11,23,0.009561853036975099,0.013230386905833409,0.012578524567645763,0.01179025483681809,0.0021601981035229774
2,2023-02-17|2023-07-10,23,0.009249265915288025,0.012911488736134038,0.012465396400976715,0.011542050350799594,0.002054157578001667
2,2023-02-17|2023-07-18,23,0.009634324896689472,0.012904490026124805,0.012372768550090093,0.011637194490968124,0.0019009433027350235
2,2023-02-17|2023-09-15,23,0.010189675266933547,0.013068421844265609,0.012710748278777525,0.011989615129992226,0.0016182100714100727
2,2023-02-17|2023-10-11,23,0.010006577962652885,0.014207868587643176,0.014123454074912662,0.01277930020840291,0.0021428525688604026
2,2023-02-17|2023-11-02,23,0.008409591109454394,0.012170847271264612,0.011603488443460163,0.010727975608059725,0.0021643074948073334
2,2023-02-17|2023-12-15,23,0.010242259381629346,0.013949707729363383,0.013445297893351636,0.012545755001448123,0.0021059290918728924
2,2023-02-17|2024-03-14,23,0.008469425128216633,0.012400561041720352,0.012532865911820467,0.011134284027252484,0.0018994155217018035
2,2023-02-17|2024-06-03,23,0.009972427617816871,0.01342976262528779,0.012583185921238933,0.01199512538811453,0.002151955855759888
2,2023-02-17|2024-11-26,23,0.007540174997633964,0.011280548542259919,0.011126353712818135,0.009982359084237337,0.0019472841870338698
2,2023-02-17|2025-01-23,23,0.00809837231335392,0.010931388914057746,0.010067653256516446,0.00969913816130937,0.0018483761291225624
2,2023-02-17|2025-03-25,23,0.00996840659913527,0.01346374957630606,0.013145300802008549,0.012192485659149961,0.0019068958757341521
2,2023-02-17|2025-04-24,23,0.009114858086775228,0.011612852643668669,0.011579718682040755,0.010769143137494884,0.0012655642592606774
2,2023-02-17|2025-11-20,23,0.00966520256834119,0.013374386935396648,0.012170620718039649,0.011736736740592495,0.0024564752922062293
2,2023-02-17|2026-04-02,23,0.007668765442006077,0.01144321414658534,0.010170470033329392,0.00976081654064027,0.002523596408917605
2,2023-02-17|2026-08-03,23,0.006369916758494067,0.010027404084127578,0.00952400547689965,0.008640442106507098,0.0020804429664307194
2,2023-03-06|2023-03-20,23,0.01041065171971356,0.013693831763191321,0.013133560117032204,0.012412681199979028,0.0019217258448184396
2,2023-03-06|2023-03-29,23,0.01034562927187513,0.013531786168400659,0.012542095648873411,0.0121398370297164,0.0020879237080263873
2,2023-03-06|2023-05-11,23,0.011378075370107642,0.014710619558927428,0.014023803940048974,0.013370832956361349,0.0020096799038491196
2,2023-03-06|2023-07-10,23,0.011065488248420569,0.014391721389228057,0.013910675773379929,0.013122628470342852,0.0019036393783278091
2,2023-03-06|2023-07-18,23,0.011450547229822016,0.014384722679218826,0.013818047922493304,0.013217772610511382,0.0017504251030611658
2,2023-03-06|2023-09-15,23,0.01200589760006609,0.014548654497359629,0.014156027651180736,0.013570193249535487,0.001467691871736215
2,2023-03-06|2023-10-11,23,0.011822800295785429,0.015688101240737197,0.015568733447315875,0.014359878327946165,0.001992334369186545
2,2023-03-06|2023-11-02,23,0.010225813442586938,0.013651079924358631,0.013048767815863374,0.012308553727602983,0.0020137892951334756
2,2023-03-06|2023-12-15,23,0.01205848171476189,0.015429940382457404,0.014890577265754847,0.01412633312099138,0.001955410892199035
2,2023-03-06|2024-03-14,23,0.010285647461349176,0.013880793694814373,0.013978145284223678,0.012714862146795743,0.0017488973220279459
2,2023-03-06|2024-06-03,23,0.011788649950949415,0.01490999527838181,0.014028465293642144,0.013575703507657789,0.0020014376560860306
2,2023-03-06|2024-11-26,23,0.009356397330766509,0.01276078119535394,0.012571633085221346,0.011562937203780599,0.0017967659873600122
2,2023-03-06|2025-01-23,23,0.009914594646486464,0.012411621567151766,0.011512932628919658,0.011279716280852628,0.0016978579294487047
2,2023-03-06|2025-03-25,23,0.011784628932267813,0.014943982229400082,0.01459058017441176,0.01377306377869322,0.0017563776760602945
2,2023-03-06|2025-04-24,23,0.010931080419907771,0.013093085296762688,0.013024998054443966,0.012349721257038142,0.0011150460595868198
2,2023-03-06|2025-11-20,23,0.011481424901473733,0.014854619588490669,0.01361590009044286,0.013317314860135753,0.0023059570925323715
2,2023-03-06|2026-04-02,23,0.00948498777513862,0.012923446799679359,0.011615749405732604,0.011341394660183529,0.0023730782092437476
2,2023-03-06|2026-08-03,23,0.00818613909162661,0.011507636737221598,0.010969284849302862,0.010221020226050356,0.0019299247667568617
2,2023-03-20|2023-03-29,23,0.008255189178284378,0.011604666702163598,0.010636656580439538,0.01016550415362917,0.00215874382280164
2,2023-03-20|2023-05-11,23,0.009287635276516892,0.012783500092690369,0.0121183648716151,0.011396500080274121,0.0020805000186243723
2,2023-03-20|2023-07-10,23,0.008975048154829818,0.012464601922990998,0.012005236704946054,0.011148295594255625,0.001974459493103062
2,2023-03-20|2023-07-18,23,0.009360107136231265,0.012457603212981765,0.01191260885405943,0.011243439734424154,0.0018212452178364184
2,2023-03-20|2023-09-15,23,0.00991545750647534,0.012621535031122568,0.012250588582746863,0.011595860373448256,0.0015385119865114676
2,2023-03-20|2023-10-11,23,0.009732360202194677,0.013760981774500136,0.013663294378882,0.012385545451858939,0.0020631544839617975
2,2023-03-20|2023-11-02,23,0.008135373348996186,0.011723960458121572,0.011143328747429501,0.010334220851515754,0.0020846094099087283
2,2023-03-20|2023-12-15,23,0.00996804162117114,0.013502820916220343,0.012985138197320974,0.012152000244904154,0.0020262310069742873
2,2023-03-20|2024-03-14,23,0.008195207367758424,0.011953674228577313,0.012072706215789805,0.010740529270708515,0.0018197174368031984
2,2023-03-20|2024-06-03,23,0.009698209857358664,0.01298287581214475,0.01212302622520827,0.011601370631570561,0.002072257770861283
2,2023-03-20|2024-11-26,23,0.0072659572371757564,0.01083366172911688,0.010666194016787473,0.009588604327693368,0.0018675861021352647
2,2023-03-20|2025-01-23,23,0.007824154552895713,0.010484502100914705,0.009607493560485784,0.0093053834047654,0.0017686780442239573
2,2023-03-20|2025-03-25,23,0.009694188838677063,0.013016862763163021,0.012685141105977887,0.011798730902605992,0.001827197790835547
2,2023-03-20|2025-04-24,23,0.00884064032631702,0.011165965830525629,0.011119558986010093,0.010375388380950912,0.0011858661743620724
2,2023-03-20|2025-11-20,23,0.00939098480788298,0.012927500122253608,0.011710461022008987,0.011342981984048525,0.0023767772073076242
2,2023-03-20|2026-04-02,23,0.007394547681547869,0.0109963273334423,0.00971031033729873,0.0093670617840963,0.002443898324019
2,2023-03-20|2026-08-03,23,0.006095698998035859,0.009580517270984537,0.009063845780868988,0.008246687349963129,0.0020007448815321143
2,2023-03-29|2023-05-11,23,0.00922261282867846,0.012621454497899705,0.011526900403456308,0.011123655910011491,0.00224669788183232
2,2023-03-29|2023-07-10,23,0.008910025706991388,0.012302556328200334,0.011413772236787263,0.010875451423992995,0.0021406573563110096
2,2023-03-29|2023-07-18,23,0.009295084688392834,0.012295557618191103,0.011321144385900638,0.010970595564161524,0.0019874430810443663
2,2023-03-29|2023-09-15,23,0.009850435058636909,0.012459489436331905,0.01165912411458807,0.01132301620318563,0.0017047098497194155
2,2023-03-29|2023-10-11,23,0.009667337754356247,0.013598936179709474,0.013071829910723209,0.01211270128159631,0.0022293523471697456
2,2023-03-29|2023-11-02,23,0.008070350901157756,0.011561914863330908,0.010551864279270708,0.010061376681253122,0.002250807273116676
2,2023-03-29|2023-12-15,23,0.009903019173332708,0.01334077532142968,0.012393673729162181,0.011879156074641524,0.0021924288701822355
2,2023-03-29|2024-03-14,23,0.008130184919919995,0.01179162863378665,0.011481241747631012,0.010467685100445885,0.001985915300011146
2,2023-03-29|2024-06-03,23,0.009633187409520233,0.012820830217354086,0.011531561757049478,0.011328526461307931,0.002238455634069231
2,2023-03-29|2024-11-26,23,0.007200934789337326,0.010671616134326217,0.01007472954862868,0.00931576015743074,0.002033783965343213
2,2023-03-29|2025-01-23,23,0.007759132105057283,0.010322456506124043,0.009016029092326992,0.00903253923450277,0.0019348759074319052
2,2023-03-29|2025-03-25,23,0.009629166390838632,0.012854817168372359,0.012093676637819096,0.011525886732343362,0.001993395654043495
2,2023-03-29|2025-04-24,23,0.008775617878478591,0.011003920235734965,0.0105280945178513,0.010102544210688284,0.0013520640375700203
2,2023-03-29|2025-11-20,23,0.009325962360044552,0.012765454527462946,0.011118996553850194,0.011070137813785897,0.002542975070515572
2,2023-03-29|2026-04-02,23,0.007329525233709439,0.010834281738651636,0.009118845869139938,0.009094217613833671,0.002610096187226948
2,2023-03-29|2026-08-03,23,0.006030676550197429,0.009418471676193875,0.008472381312710196,0.0079738431797005,0.002166942744740062
2,2023-05-11|2023-07-10,23,0.009942471805223901,0.013481389718727105,0.012895480527962825,0.012106447350637945,0.002062413552133742
2,2023-05-11|2023-07-18,23,0.010327530786625348,0.013474391008717872,0.012802852677076202,0.012201591490806475,0.0019091992768670984
2,2023-05-11|2023-09-15,23,0.010882881156869422,0.013638322826858675,0.013140832405763634,0.01255401212983058,0.0016264660455421478
2,2023-05-11|2023-10-11,23,0.01069978385258876,0.014777769570236243,0.014553538201898772,0.01334369720824126,0.0021511085429924775
2,2023-05-11|2023-11-02,23,0.009102796999390268,0.01274074825385768,0.012033572570446271,0.011292372607898074,0.0021725634689394083
2,2023-05-11|2023-12-15,23,0.010935465271565222,0.01451960871195645,0.013875382020337746,0.013110152001286474,0.0021141850660049673
2,2023-05-11|2024-03-14,23,0.009162631018152506,0.01297046202431342,0.012962950038806575,0.011698681027090835,0.0019076714958338784
2,2023-05-11|2024-06-03,23,0.010665633507752747,0.013999663607880857,0.013013270048225042,0.012559522387952883,0.0021602118298919633
2,2023-05-11|2024-11-26,23,0.008233380887569839,0.011850449524852986,0.011556437839804245,0.010546756084075692,0.0019555401611659447
2,2023-05-11|2025-01-23,23,0.008791578203289796,0.011501289896650812,0.010497737383502556,0.010263535161147721,0.0018566321032546372
2,2023-05-11|2025-03-25,23,0.010661612489071146,0.014033650558899128,0.013575384928994658,0.01275688265898831,0.001915151849866227
2,2023-05-11|2025-04-24,23,0.009808063976711103,0.012182753626261736,0.012009802809026865,0.011333540137333236,0.0012738202333927523
2,2023-05-11|2025-11-20,23,0.010358408458277063,0.013944287917989715,0.012600704845025758,0.012301133740430847,0.0024647312663383042
2,2023-05-11|2026-04-02,23,0.008361971331941952,0.012013115129178407,0.0106005541603155,0.01032521354047862,0.00253185238304968
2,2023-05-11|2026-08-03,23,0.0070631226484299415,0.010597305066720644,0.00995408960388576,0.009204839106345451,0.0020886989405627943
2,2023-07-10|2023-07-18,23,0.010014943664938275,0.013155492839018502,0.012689724510407155,0.011953387004787978,0.001803158751345788
2,2023-07-10|2023-09-15,23,0.01057029403518235,0.013319424657159306,0.013027704239094587,0.01230580764381208,0.001520425520020837
2,2023-07-10|2023-10-11,23,0.010387196730901686,0.014458871400536873,0.014440410035229724,0.013095492722222763,0.002045068017471167
2,2023-07-10|2023-11-02,23,0.008790209877703195,0.012421850084158309,0.011920444403777226,0.011044168121879578,0.002066522943418098
2,2023-07-10|2023-12-15,23,0.010622878149878149,0.01420071054225708,0.013762253853668699,0.012861947515267978,0.002008144540483657
2,2023-07-10|2024-03-14,23,0.008850043896465433,0.012651563854614049,0.01284982187213753,0.011450476541072339,0.001801630970312568
2,2023-07-10|2024-06-03,23,0.010353046386065674,0.013680765438181487,0.012900141881555995,0.012311317901934385,0.002054171304370653
2,2023-07-10|2024-11-26,23,0.007920793765882766,0.011531551355153616,0.011443309673135197,0.010298551598057194,0.0018494996356446345
2,2023-07-10|2025-01-23,23,0.008478991081602723,0.011182391726951443,0.010384609216833509,0.010015330675129224,0.0017505915777333268
2,2023-07-10|2025-03-25,23,0.010349025367384072,0.013714752389199758,0.013462256762325611,0.012508678172969814,0.0018091113243449166
2,2023-07-10|2025-04-24,23,0.00949547685502403,0.011863855456562366,0.011896674642357817,0.01108533565131474,0.0011677797078714419
2,2023-07-10|2025-11-20,23,0.01004582133658999,0.013625389748290345,0.012487576678356711,0.012052929254412351,0.0023586907408169938
2,2023-07-10|2026-04-02,23,0.00804938421025488,0.011694216959479036,0.010487425993646455,0.010077009054460124,0.0024258118575283694
2,2023-07-10|2026-08-03,23,0.006750535526742868,0.010278406897021275,0.009840961437216713,0.008956634620326953,0.001982658415041484
2,2023-07-18|2023-09-15,23,0.010955353016583796,0.013312425947150073,0.012935076388207963,0.01240095178398061,0.0013672112447541938
2,2023-07-18|2023-10-11,23,0.010772255712303133,0.014451872690527641,0.014347782184343101,0.013190636862391292,0.0018918537422045237
2,2023-07-18|2023-11-02,23,0.009175268859104642,0.012414851374149076,0.011827816552890601,0.011139312262048107,0.0019133086681514546
2,2023-07-18|2023-12-15,23,0.011007937131279595,0.014193711832247848,0.013669626002782074,0.012957091655436508,0.0018549302652170136
2,2023-07-18|2024-03-14,23,0.00923510287786688,0.012644565144604818,0.012757194021250905,0.011545620681240869,0.0016484166950459247
2,2023-07-18|2024-06-03,23,0.01073810536746712,0.013673766728172254,0.01280751403066937,0.012406462042102915,0.0019009570291040093
2,2023-07-18|2024-11-26,23,0.008305852747284213,0.011524552645144385,0.011350681822248574,0.010393695738225725,0.001696285360377991
2,2023-07-18|2025-01-23,23,0.00886405006300417,0.01117539301694221,0.010291981365946884,0.010110474815297754,0.0015973773024666835
2,2023-07-18|2025-03-25,23,0.01073408434878552,0.013707753679190526,0.013369628911438988,0.012603822313138346,0.0016558970490782733
2,2023-07-18|2025-04-24,23,0.009880535836425477,0.011856856746553134,0.011804046791471193,0.01118047979148327,0.0010145654326047984
2,2023-07-18|2025-11-20,23,0.010430880317991437,0.013618391038281113,0.012394948827470087,0.01214807339458088,0.0022054764655503505
2,2023-07-18|2026-04-02,23,0.008434443191656326,0.011687218249469803,0.01039479814275983,0.010172153194628653,0.002272597582261726
2,2023-07-18|2026-08-03,23,0.007135594508144315,0.010271408187012042,0.009748333586330088,0.009051778760495484,0.0018294441397748403
2,2023-09-15|2023-10-11,23,0.011327606082547207,0.014615804508668444,0.014685761913030533,0.013543057501415396,0.0016091205108795731
2,2023-09-15|2023-11-02,23,0.009730619229348716,0.012578783192289878,0.012165796281578033,0.011491732901072211,0.0016305754368265038
2,2023-09-15|2023-12-15,23,0.01156328750152367,0.01435764365038865,0.014007605731469506,0.01330951229446061,0.001572197033892063
2,2023-09-15|2024-03-14,23,0.009790453248110955,0.01280849696274562,0.013095173749938337,0.01189804132026497,0.0013656834637209739
2,2023-09-15|2024-06-03,23,0.011293455737711195,0.013837698546313058,0.013145493759356803,0.01275888268112702,0.0016182237977790585
2,2023-09-15|2024-11-26,23,0.008861203117528287,0.011688484463285187,0.011688661550936006,0.010746116377249827,0.0014135521290530404
2,2023-09-15|2025-01-23,23,0.009419400433248244,0.011339324835083013,0.010629961094634316,0.01046289545432186,0.0013146440711417327
2,2023-09-15|2025-03-25,23,0.011289434719029594,0.013871685497331329,0.01370760864012642,0.012956242952162448,0.0013731638177533225
2,2023-09-15|2025-04-24,23,0.010435886206669551,0.012020788564693937,0.012142026520158625,0.011532900430507372,0.0007318322012798478
2,2023-09-15|2025-11-20,23,0.010986230688235512,0.013782322856421916,0.012732928556157519,0.012500494033604983,0.0019227432342253997
2,2023-09-15|2026-04-02,23,0.0089897935619004,0.011851150067610606,0.010732777871447262,0.010524573833652757,0.0019898643509367753
2,2023-09-15|2026-08-03,23,0.00769094487838839,0.010435340005152845,0.01008631331501752,0.009404199399519586,0.0015467109084498897
2,2023-10-11|2023-11-02,23,0.009547521925068055,0.013718229935667446,0.013578502077713172,0.012281417979482893,0.002155217934276834
2,2023-10-11|2023-12-15,23,0.011380190197243007,0.015497090393766219,0.015420311527604645,0.014099197372871292,0.002096839531342393
2,2023-10-11|2024-03-14,23,0.009607355943830293,0.013947943706123189,0.014507879546073476,0.012687726398675653,0.0018903259611713038
2,2023-10-11|2024-06-03,23,0.011110358433430532,0.014977145289690625,0.014558199555491941,0.0135485677595377,0.0021428662952293885
2,2023-10-11|2024-11-26,23,0.008678105813247626,0.012827931206662755,0.013101367347071144,0.01153580145566051,0.0019381946265033703
2,2023-10-11|2025-01-23,23,0.009236303128967583,0.012478771578460581,0.012042666890769455,0.011252580532732539,0.0018392865685920626
2,2023-10-11|2025-03-25,23,0.01110633741474893,0.015011132240708897,0.015120314436261557,0.01374592803057313,0.0018978063152036526
2,2023-10-11|2025-04-24,23,0.010252788902388888,0.013160235308071503,0.013554732316293764,0.012322585508918052,0.0012564746987301777
2,2023-10-11|2025-11-20,23,0.01080313338395485,0.014921769599799484,0.014145634352292658,0.013290179112015663,0.00244738573167573
2,2023-10-11|2026-04-02,23,0.008806696257619737,0.012990596810988174,0.012145483667582401,0.01131425891206344,0.0025145068483871055
2,2023-10-11|2026-08-03,23,0.007507847574107727,0.011574786748530413,0.01149901911115266,0.010193884477930267,0.00207135340590022
2,2023-11-02|2023-12-15,23,0.009783203344044516,0.013460069077387653,0.012900345896152144,0.012047872772528107,0.0021182944572893238
2,2023-11-02|2024-03-14,23,0.008010369090631802,0.011910922389744623,0.011987913914620976,0.010636401798332468,0.0019117808871182346
2,2023-11-02|2024-06-03,23,0.00951337158023204,0.01294012397331206,0.012038233924039441,0.011497243159194514,0.0021643212211763193
2,2023-11-02|2024-11-26,23,0.007081118960049134,0.01079090989028419,0.010581401715618643,0.009484476855317323,0.001959649552450301
2,2023-11-02|2025-01-23,23,0.007639316275769091,0.010441750262082017,0.009522701259316955,0.009201255932389353,0.0018607414945389935
2,2023-11-02|2025-03-25,23,0.00950935056155044,0.012974110924330332,0.012600348804809059,0.011694603430229945,0.0019192612411505832
2,2023-11-02|2025-04-24,23,0.008655802049190397,0.01112321399169294,0.011034766684841263,0.010271260908574867,0.0012779296246771086
2,2023-11-02|2025-11-20,23,0.009206146530756359,0.012884748283420918,0.011625668720840157,0.011238854511672478,0.0024688406576226602
2,2023-11-02|2026-04-02,23,0.007209709404421246,0.01095357549460961,0.0096255180361299,0.009262934311720254,0.0025359617743340363
2,2023-11-02|2026-08-03,23,0.005910860720909236,0.009537765432151847,0.008979053479700159,0.008142559877587082,0.0020928083318471503
2,2023-12-15|2024-03-14,23,0.009843037362806754,0.013689782847843395,0.013829723364512448,0.012454181191720868,0.0018534024841837936
2,2023-12-15|2024-06-03,23,0.011346039852406994,0.014718984431410832,0.013880043373930914,0.013315022552582914,0.0021059428182418783
2,2023-12-15|2024-11-26,23,0.008913787232224087,0.012569770348382962,0.012423211165510118,0.011302256248705723,0.0019012711495158601
2,2023-12-15|2025-01-23,23,0.009471984547944044,0.012220610720180788,0.011364510709208428,0.011019035325777754,0.0018023630916045525
2,2023-12-15|2025-03-25,23,0.011342018833725393,0.014752971382429104,0.014442158254700532,0.013512382823618344,0.0018608828382161422
2,2023-12-15|2025-04-24,23,0.01048847032136535,0.012902074449791712,0.012876576134732736,0.012089040301963266,0.0012195512217426676
2,2023-12-15|2025-11-20,23,0.011038814802931311,0.014663608741519691,0.01346747817073163,0.013056633905060877,0.0024104622546882197
2,2023-12-15|2026-04-02,23,0.0090423776765962,0.012732435952708381,0.011467327486021374,0.011080713705108653,0.0024775833713995953
2,2023-12-15|2026-08-03,23,0.007743528993084189,0.01131662589025062,0.010820862929591632,0.009960339270975482,0.0020344299289127093
2,2024-03-14|2024-06-03,23,0.009573205598994279,0.013169837743767801,0.012967611392399745,0.011903551578387277,0.0018994292480707894
2,2024-03-14|2024-11-26,23,0.007140952978811372,0.011020623660739932,0.011510779183978947,0.009890785274510084,0.001694757579344771
2,2024-03-14|2025-01-23,23,0.007699150294531329,0.010671464032537758,0.010452078727677259,0.009607564351582115,0.0015958495214334636
2,2024-03-14|2025-03-25,23,0.009569184580312678,0.013203824694786074,0.013529726273169363,0.012100911849422705,0.0016543692680450533
2,2024-03-14|2025-04-24,23,0.008715636067952637,0.01135292776214868,0.011964144153201567,0.01067756932776763,0.0010130376515715786
2,2024-03-14|2025-11-20,23,0.009265980549518597,0.01311446205387666,0.012555046189200461,0.011645162930865241,0.0022039486845171303
2,2024-03-14|2026-04-02,23,0.007269543423183485,0.01118328926506535,0.010554895504490205,0.009669242730913014,0.0022710698012285064
2,2024-03-14|2026-08-03,23,0.005970694739671475,0.00976747920260759,0.009908430948060463,0.008548868296779843,0.0018279163587416204
2,2024-06-03|2024-11-26,23,0.008643955468411612,0.012049825244307368,0.011561099193397414,0.010751626635372134,0.0019472979134028557
2,2024-06-03|2025-01-23,23,0.009202152784131569,0.011700665616105195,0.010502398737095724,0.010468405712444163,0.0018483898554915482
2,2024-06-03|2025-03-25,23,0.011072187069912918,0.014233026278353511,0.013580046282587828,0.012961753210284754,0.001906909602103138
2,2024-06-03|2025-04-24,23,0.010218638557552876,0.012382129345716118,0.012014464162620033,0.011538410688629677,0.0012655779856296633
2,2024-06-03|2025-11-20,23,0.010768983039118836,0.014143663637444097,0.012605366198618928,0.012506004291727288,0.0024564890185752152
2,2024-06-03|2026-04-02,23,0.008772545912783725,0.012212490848632788,0.01060521551390867,0.010530084091775064,0.002523610135286591
2,2024-06-03|2026-08-03,23,0.007473697229271714,0.010796680786175027,0.009958750957478928,0.009409709657641891,0.0020804566927997052
2,2024-11-26|2025-01-23,23,0.006769900163948662,0.009551451533077324,0.009045566528674928,0.008455639408566971,0.0016437181867655299
2,2024-11-26|2025-03-25,23,0.00863993444973001,0.01208381219532564,0.01212321407416703,0.010948986906407561,0.0017022379333771196
2,2024-11-26|2025-04-24,23,0.007786385937369969,0.010232915262688247,0.010557631954199237,0.009525644384752483,0.001060906316903645
2,2024-11-26|2025-11-20,23,0.00833673041893593,0.011994449554416227,0.01114853399019813,0.010493237987850098,0.002251817349849197
2,2024-11-26|2026-04-02,23,0.006340293292600817,0.010063276765604917,0.009148383305487872,0.00851731778789787,0.0023189384665605727
2,2024-11-26|2026-08-03,23,0.005041444609088807,0.008647466703147156,0.008501918749058132,0.0073969433537647,0.0018757850240736869
2,2025-01-23|2025-03-25,23,0.009198131765449967,0.011734652567123466,0.011064513617865342,0.010665765983479594,0.0016033298754658122
2,2025-01-23|2025-04-24,23,0.008344583253089925,0.009883755634486074,0.009498931497897546,0.009242423461824516,0.0009619982589923374
2,2025-01-23|2025-11-20,23,0.008894927734655887,0.011645289926214053,0.010089833533896442,0.010210017064922127,0.0021529092919378894
2,2025-01-23|2026-04-02,23,0.006898490608320774,0.009714117137402745,0.008089682849186184,0.008234096864969901,0.002220030408649265
2,2025-01-23|2026-08-03,23,0.005599641924808764,0.008298307074944982,0.007443218292756443,0.007113722430836729,0.0017768769661623792
2,2025-03-25|2025-04-24,23,0.010214617538871274,0.01241611629673439,0.01257657904338965,0.011735770959665106,0.0010205180056039273
2,2025-03-25|2025-11-20,23,0.010764962020437235,0.014177650588462369,0.013167481079388544,0.012703364562762718,0.002211429038549479
2,2025-03-25|2026-04-02,23,0.008768524894102124,0.01224647779965106,0.011167330394678288,0.010727444362810491,0.002278550155260855
2,2025-03-25|2026-08-03,23,0.007469676210590113,0.010830667737193298,0.010520865838248546,0.00960706992867732,0.0018353967127739692
2,2025-04-24|2025-11-20,23,0.009911413508077194,0.012326753655824975,0.01160189895942075,0.01128002204110764,0.0015700974220760043
2,2025-04-24|2026-04-02,23,0.007914976381742081,0.010395580867013667,0.009601748274710492,0.009304101841155415,0.0016372185387873801
2,2025-04-24|2026-08-03,23,0.006616127698230071,0.008979770804555906,0.00895528371828075,0.008183727407022244,0.0011940650963004943
2,2025-11-20|2026-04-02,23,0.008465320863308042,0.012157115158741646,0.010192650310709386,0.010271695444253026,0.002828129571732932
2,2025-11-20|2026-08-03,23,0.0071664721797960315,0.010741305096283885,0.009546185754279646,0.009151321010119855,0.002384976129246046
2,2026-04-02|2026-08-03,23,0.00517003505346092,0.008810132307472575,0.007546035069569388,0.007175400810167629,0.002452097245957422
