signal_date,anchor,trade_number,entry_date,holding_sessions,net_return,score_margin,score_change_1d,score_change_3d,score_above_exit_count_3d,role_agreement_count,persistent_role_agreement_count_2d,maximum_positive_role_share,confirmation_role_contribution,year,durable
2021-03-08,EX12_PLATFORM_MEDOID_REPRICED_10BP,1,2021-03-09,3,-0.007355374686663,0.21258959440580094,0.4469580355768509,,1.0,3,1,0.5890539167157788,-0.016065996426960445,2021,0
2021-03-23,EX12_PLATFORM_MEDOID_REPRICED_10BP,2,2021-03-24,1,-0.0138884150004084,0.06112748952888927,0.3007619483479121,0.21740011266707351,1.0,3,0,0.5658313371543461,0.012871107520617136,2021,0
2021-03-29,EX12_PLATFORM_MEDOID_REPRICED_10BP,3,2021-03-30,1,-0.0051363730609013,0.10027068670311867,0.16090218751319338,0.2186905355888016,2.0,3,1,0.7500076219457184,0.007229202782914199,2021,0
2021-04-02,EX12_PLATFORM_MEDOID_REPRICED_10BP,4,2021-04-06,2,-0.0065104450937154,0.12116875964660875,0.21803320599336237,0.22140171763440616,1.0,3,2,0.5983771356512794,0.0788939076826672,2021,0
2021-04-09,EX12_PLATFORM_MEDOID_REPRICED_10BP,5,2021-04-12,2,-0.0204937919223632,0.013875408768141098,0.021407022881752058,0.0007426500562501409,2.0,3,2,0.463244686858576,0.04331719288368954,2021,0
2021-04-26,EX12_PLATFORM_MEDOID_REPRICED_10BP,6,2021-04-27,2,0.0061945517169397,0.1358867682086805,0.2978453485001571,0.35615382667475454,2.0,3,1,0.7350774434964483,-0.011865070622876152,2021,0
2021-05-07,EX12_PLATFORM_MEDOID_REPRICED_10BP,7,2021-05-10,2,-0.0135578707007275,0.07387485561264473,0.21279019351616815,0.1440341608670779,1.0,3,3,0.4680094729353647,-0.05817554834071143,2021,0
2021-05-17,EX12_PLATFORM_MEDOID_REPRICED_10BP,8,2021-05-18,1,-0.0100938884124724,0.07309996722849743,0.09930152481212837,0.4402370028629233,2.0,2,1,0.9221808008179475,-0.05149374723099472,2021,0
2021-05-21,EX12_PLATFORM_MEDOID_REPRICED_10BP,9,2021-05-24,1,0.011418006937051,0.05717234482707387,0.20693149006472317,0.28009590608708856,1.0,2,1,0.6394088922476859,-0.03276084434850941,2021,0
2021-05-25,EX12_PLATFORM_MEDOID_REPRICED_10BP,10,2021-05-26,11,0.041610967828733,0.03772144524139828,0.1742127134271924,0.18748059047904758,2.0,3,1,0.7824667160042001,0.017333537117371654,2021,1
2021-06-11,EX12_PLATFORM_MEDOID_REPRICED_10BP,11,2021-06-15,3,0.0224595010163421,0.10299231425259175,0.1718379349601961,0.05007856030387506,2.0,4,3,0.6236379955179584,0.029738181190962738,2021,0
2021-06-22,EX12_PLATFORM_MEDOID_REPRICED_10BP,12,2021-06-23,6,0.0435406495817807,0.10636576716000815,0.2500292948146051,0.2687047419518999,2.0,2,1,0.562350148231197,0.08562336365787418,2021,1
2021-07-01,EX12_PLATFORM_MEDOID_REPRICED_10BP,13,2021-07-02,4,-0.0032423935167076,0.03314393182809931,0.15197429696342973,-0.039244240279588824,2.0,3,0,0.4959052938826873,0.01855661751695733,2021,1
2021-07-08,EX12_PLATFORM_MEDOID_REPRICED_10BP,14,2021-07-09,1,-0.0001634395016746,0.012484769324259473,0.17677895721795614,0.02018761232404384,2.0,3,1,0.7519296034596865,0.011817492605953828,2021,0
2021-07-12,EX12_PLATFORM_MEDOID_REPRICED_10BP,15,2021-07-13,3,-0.0166835004357994,0.04939135407817452,0.27524674755507,0.21368554197187117,2.0,1,0,1.0,-0.013256279546639632,2021,0
2021-07-21,EX12_PLATFORM_MEDOID_REPRICED_10BP,16,2021-07-22,11,0.0335558191808191,0.05497819950558666,0.3966974622066459,0.13736630940010333,1.0,2,0,0.9400950873304565,-0.03606127359970941,2021,1
2021-08-06,EX12_PLATFORM_MEDOID_REPRICED_10BP,17,2021-08-09,1,-0.0057172641023571,0.1180787720073587,0.2644750248981733,0.08865869746961953,2.0,4,1,0.3082106126781735,0.03831050747090922,2021,0
2021-08-17,EX12_PLATFORM_MEDOID_REPRICED_10BP,18,2021-08-18,1,0.0005741680999415,0.11064315295928728,0.1970712803163143,0.12853104736901572,3.0,4,3,0.38352674425165345,0.043779771705321324,2021,0
2021-08-30,EX12_PLATFORM_MEDOID_REPRICED_10BP,19,2021-08-31,2,-0.0266153846153844,0.12564536336989057,0.32184331967048707,0.238061569690085,2.0,3,2,0.5413998846321051,-0.031720232251654705,2021,0
2021-09-16,EX12_PLATFORM_MEDOID_REPRICED_10BP,20,2021-09-17,1,-0.0070239113404577,0.07682679023506114,0.27489849845677145,0.09307852702881664,2.0,4,2,0.401326851097219,0.039272002486796534,2021,0
2021-10-26,EX12_PLATFORM_MEDOID_REPRICED_10BP,21,2021-10-27,2,-0.0126075200490508,0.07988615831132168,0.19902400070361176,0.09349958750243648,2.0,4,1,0.7940845942648689,0.007515356261770308,2021,0
2021-10-29,EX12_PLATFORM_MEDOID_REPRICED_10BP,22,2021-11-01,7,0.0140201738247796,0.06989546072359767,0.2368760941152593,-0.009990697587724001,2.0,2,1,0.7594785677208675,0.05313172217875853,2021,1
2021-11-15,EX12_PLATFORM_MEDOID_REPRICED_10BP,23,2021-11-16,10,0.0306787346350785,0.1282303459123283,0.1682048366664736,0.17721599618347278,3.0,3,2,0.570801039359562,0.05276458809136766,2021,1
2021-11-30,EX12_PLATFORM_MEDOID_REPRICED_10BP,24,2021-12-01,1,-0.011263272536482,0.024628570927371807,0.17420137502136246,0.004816152262700005,2.0,2,0,0.91071226374695,-0.0002984284914750064,2021,0
2021-12-07,EX12_PLATFORM_MEDOID_REPRICED_10BP,25,2021-12-08,1,0.00633024833303,0.00017387416225173036,0.08373620162418871,0.1554657343108443,2.0,3,2,0.5336972106573419,0.031258881683327494,2021,0
2021-12-13,EX12_PLATFORM_MEDOID_REPRICED_10BP,26,2021-12-14,1,0.0020727063555072,0.030841818954137387,0.24012148414212464,0.14298230699808104,1.0,1,0,1.0,-0.000977520723769448,2021,0
2021-12-16,EX12_PLATFORM_MEDOID_REPRICED_10BP,27,2021-12-17,2,-0.0408546371661124,0.08660888151132276,0.16214916285664946,0.05576706255718537,2.0,2,1,0.72016951261131,0.053885369851388545,2021,0
2021-12-22,EX12_PLATFORM_MEDOID_REPRICED_10BP,28,2021-12-23,1,-0.0012922014336439,0.08320424435171955,0.41413160464648335,0.14670062137074627,1.0,2,0,0.7795417951824994,-0.035400740768160306,2021,0
2022-01-04,EX12_PLATFORM_MEDOID_REPRICED_10BP,29,2022-01-05,2,-0.0269302432043329,0.11971898084416738,0.39267421402319996,0.2908184827909932,1.0,4,0,0.6970749623616487,0.004433979573500415,2022,0
2022-01-18,EX12_PLATFORM_MEDOID_REPRICED_10BP,30,2022-01-19,1,-0.0157485733990445,0.03263452678125692,0.1116855363135729,0.1330190745107393,2.0,4,1,0.35894952323852436,0.020346578679503225,2022,0
2022-01-25,EX12_PLATFORM_MEDOID_REPRICED_10BP,31,2022-01-26,1,-0.0103526610375925,0.06631600593229547,0.29906155859709804,0.08894773404264113,1.0,4,2,0.5030657522893657,0.027014404111980445,2022,0
2022-02-10,EX12_PLATFORM_MEDOID_REPRICED_10BP,32,2022-02-11,1,-0.0159388680341844,0.039072449294450584,0.16142118315092038,0.09269101753109678,1.0,3,1,0.6429075168829436,-0.030582603473588592,2022,0
2022-02-24,EX12_PLATFORM_MEDOID_REPRICED_10BP,33,2022-02-25,4,0.005124930580918,0.011665614380325873,0.12712839438192844,0.056140679510817706,1.0,2,1,0.5850231949890424,0.08712181673599784,2022,1
2022-03-03,EX12_PLATFORM_MEDOID_REPRICED_10BP,34,2022-03-04,3,-0.0527438663031883,0.1560259069840267,0.38090369397533275,0.12055345155992714,2.0,4,2,0.3971066143986407,0.034226209289756115,2022,0
2022-03-10,EX12_PLATFORM_MEDOID_REPRICED_10BP,35,2022-03-11,1,0.0107750611163581,0.07065181825804737,0.14050101209307472,0.11068323771954254,2.0,2,1,0.824791863676789,-0.02871064592333587,2022,0
2022-03-16,EX12_PLATFORM_MEDOID_REPRICED_10BP,36,2022-03-17,4,-0.0011457372687089,0.09463303006635052,0.09625952614363849,0.27391817709775534,3.0,3,1,0.839388524398702,0.00705323892046527,2022,1
2022-03-25,EX12_PLATFORM_MEDOID_REPRICED_10BP,37,2022-03-28,4,-0.016129003739623,0.15093373601402305,0.4201957160271482,0.24587719476623257,2.0,4,0,0.3695584720023394,0.04506461748693642,2022,1
2022-04-20,EX12_PLATFORM_MEDOID_REPRICED_10BP,38,2022-04-21,2,-0.0409980800762364,0.14650349376271185,0.297335795796174,0.44567956801743147,1.0,3,1,0.5576996769228748,0.045761565224106474,2022,0
2022-04-26,EX12_PLATFORM_MEDOID_REPRICED_10BP,39,2022-04-27,1,0.0409025363776496,0.14115716104524836,0.1420093856968117,0.05989596635975303,2.0,3,2,0.5398550128713802,-0.035343417191056076,2022,0
2022-04-29,EX12_PLATFORM_MEDOID_REPRICED_10BP,40,2022-05-05,2,-0.008158508158508,0.08665276489310814,0.13676817016046772,-0.05450439615214023,2.0,2,2,0.819787518096461,-0.008181734385365208,2022,0
2022-05-11,EX12_PLATFORM_MEDOID_REPRICED_10BP,41,2022-05-12,1,0.0234163485877492,0.12974585595111116,0.31230952530149697,0.2698436850772087,1.0,4,2,0.42474936204512576,0.03002373809600599,2022,0
2022-05-16,EX12_PLATFORM_MEDOID_REPRICED_10BP,42,2022-05-17,1,0.0165740234300471,0.18527904344360674,0.3095919594526929,0.055533187492495584,1.0,4,1,0.34595684104929864,0.07931181903603753,2022,0
2022-05-18,EX12_PLATFORM_MEDOID_REPRICED_10BP,43,2022-05-19,1,0.0376897593192455,0.1222126053352911,0.23978863722380314,0.24652552134437727,2.0,4,2,0.5172393888145378,0.07174602159755725,2022,0
2022-05-24,EX12_PLATFORM_MEDOID_REPRICED_10BP,44,2022-05-25,1,0.0057761128841948,0.19348886039069407,0.36020676232823157,0.3796148603661191,1.0,4,1,0.47993283580061424,0.0008957902556350284,2022,0
2022-05-27,EX12_PLATFORM_MEDOID_REPRICED_10BP,45,2022-05-30,3,0.0341331857965909,0.030975395561590513,0.06438279530382068,-0.16251346482910356,2.0,3,2,0.7689939883059631,-0.028696192624025924,2022,0
2022-06-07,EX12_PLATFORM_MEDOID_REPRICED_10BP,46,2022-06-08,2,-0.0326653153694415,0.013552477131408863,0.1289006767449723,0.20297897333990028,1.0,3,1,0.7630026871790891,0.010250002469675397,2022,0
2022-06-16,EX12_PLATFORM_MEDOID_REPRICED_10BP,47,2022-06-17,1,0.0243129597675053,0.15039180942248162,0.20643034604141644,0.4672171232149751,2.0,4,3,0.7111459609411255,0.007258620398965285,2022,0
2022-06-20,EX12_PLATFORM_MEDOID_REPRICED_10BP,48,2022-06-21,9,-0.003775387568798,0.01842866173979206,0.2608361316896062,0.0744671983587269,2.0,3,0,0.5119154983330354,0.04194232576797635,2022,1
2022-07-04,EX12_PLATFORM_MEDOID_REPRICED_10BP,49,2022-07-05,7,-0.0452359311775755,0.016465125901737335,0.13956219730891364,-0.02986290142322222,2.0,3,1,0.5817729621850369,0.0577916531528368,2022,1
2022-07-18,EX12_PLATFORM_MEDOID_REPRICED_10BP,50,2022-07-19,1,-0.0056238039889263,0.028700044616715326,0.04941437902535636,0.22120550106863635,2.0,3,2,0.5884534651817901,0.05898828897656689,2022,0
2022-07-28,EX12_PLATFORM_MEDOID_REPRICED_10BP,51,2022-07-29,3,-0.0063675378911804,0.037318497970830825,0.32762582910787474,0.2423308749738622,1.0,2,1,0.9156943646816469,-0.0652265409430671,2022,0
2022-08-19,EX12_PLATFORM_MEDOID_REPRICED_10BP,52,2022-08-22,1,0.0006352486563567,0.02482311163872708,0.33399141469106375,0.15234076542296746,1.0,3,0,0.4784146917790607,-0.0512559288425666,2022,0
2022-09-08,EX12_PLATFORM_MEDOID_REPRICED_10BP,53,2022-09-09,1,-0.0112645015151976,0.07095381849613527,0.16312385019214626,0.2684494698951368,1.0,4,3,0.5251181043478655,0.02749143497240581,2022,0
2022-09-15,EX12_PLATFORM_MEDOID_REPRICED_10BP,54,2022-09-16,1,-0.0010262376377272,0.08356085758080828,0.4494808962347081,0.18874390639213198,2.0,4,0,0.41830977956638266,0.020782816495195696,2022,0
2022-09-29,EX12_PLATFORM_MEDOID_REPRICED_10BP,55,2022-09-30,1,-0.0242207185527022,0.03174848416660506,0.04507914340183777,0.21635277368640266,2.0,3,2,0.8916060551342717,-0.012072279936035428,2022,0
2022-10-14,EX12_PLATFORM_MEDOID_REPRICED_10BP,56,2022-10-17,1,0.0247525670206083,0.15357741174921524,0.1806184439839355,0.3076132283444936,2.0,3,1,0.6795176420864991,0.03462072859097611,2022,0
2022-10-18,EX12_PLATFORM_MEDOID_REPRICED_10BP,57,2022-10-19,2,0.0071300650568943,0.0949494079652379,0.28073230839650876,0.12199044019995817,2.0,2,1,0.8096375348896738,0.03743742613827618,2022,0
2022-10-24,EX12_PLATFORM_MEDOID_REPRICED_10BP,58,2022-10-25,6,0.0593710724759113,0.1127356479703458,0.3579696921780394,0.0010283494069383836,1.0,2,0,0.8920252106142349,-0.01345309749030543,2022,1
2022-11-07,EX12_PLATFORM_MEDOID_REPRICED_10BP,59,2022-11-08,2,-0.0285503487338348,0.04915055910095287,0.26017577028252736,0.1533050521354506,1.0,3,1,0.5954402763208004,-0.05605830081603677,2022,0
2022-11-11,EX12_PLATFORM_MEDOID_REPRICED_10BP,60,2022-11-14,2,0.0303799254180934,0.13972784725291604,0.3759916473577495,0.20904435537239827,1.0,2,1,0.7315994353280902,-0.05579469116306673,2022,0
2022-12-22,EX12_PLATFORM_MEDOID_REPRICED_10BP,61,2022-12-23,1,-0.010393392096862,0.0262619103683205,0.14928903296959467,0.16943616258236893,1.0,3,2,0.48110802958373466,-0.03638477788286614,2022,0
2023-01-09,EX12_PLATFORM_MEDOID_REPRICED_10BP,62,2023-01-10,1,-2.371515724608475e-05,0.04101539357016605,0.050447114131377965,0.1312116411838798,3.0,3,1,0.8797251595728207,-0.08275594858243765,2023,0
2023-01-16,EX12_PLATFORM_MEDOID_REPRICED_10BP,63,2023-01-17,2,0.0068165396919079,0.05305402913288462,0.20530753876256247,0.09727768523455729,1.0,2,1,0.6532669661282239,0.06073292887696691,2023,0
2023-01-30,EX12_PLATFORM_MEDOID_REPRICED_10BP,64,2023-01-31,1,-0.0124234739619353,0.06145092917876019,0.21811660720599135,0.18877040900556463,1.0,3,0,0.608142286378514,-0.030773957915465968,2023,0
2023-02-14,EX12_PLATFORM_MEDOID_REPRICED_10BP,65,2023-02-15,3,-0.0372664584698965,0.03339127142559373,0.07600734825424216,0.22712450988921223,2.0,3,2,0.6167794237170678,0.0381957677856262,2023,0
2023-03-06,EX12_PLATFORM_MEDOID_REPRICED_10BP,66,2023-03-07,2,-0.0136252097417144,0.0786236614711266,0.1420940624105554,0.16954623442444794,2.0,3,2,0.6142889393869602,0.04889197877095656,2023,0
2023-03-15,EX12_PLATFORM_MEDOID_REPRICED_10BP,67,2023-03-16,22,0.1256760817307693,0.12390282374854727,0.16824514979604493,0.3373241635597609,2.0,3,2,0.3948053042062436,0.08880506272621788,2023,1
2023-04-19,EX12_PLATFORM_MEDOID_REPRICED_10BP,68,2023-04-20,6,-0.0598406783527889,0.005876317252692248,0.0743939109991886,-0.046157075409357096,2.0,2,1,0.7574583992771767,0.10073493796178823,2023,1
2023-06-16,EX12_PLATFORM_MEDOID_REPRICED_10BP,69,2023-06-19,1,-0.0010678976196215,0.023017005148262742,0.06229826010343166,0.08226088272967269,3.0,2,2,0.844461105281902,0.02729596567826592,2023,0
2023-06-21,EX12_PLATFORM_MEDOID_REPRICED_10BP,70,2023-06-26,2,-0.0019980019980018,0.10241595663159295,0.19170805459441276,0.0793989514833302,1.0,2,1,0.6108566725640099,0.1121506718114886,2023,0
2023-06-28,EX12_PLATFORM_MEDOID_REPRICED_10BP,71,2023-06-29,1,-0.007811605869858,0.041407668239313494,0.17453119473455758,-0.06100828839227945,2.0,3,2,0.367673141806,0.05085824380563664,2023,0
2023-07-31,EX12_PLATFORM_MEDOID_REPRICED_10BP,72,2023-08-01,1,-0.0019980019980019,0.032523522023095386,0.1971217504268668,0.1167003199127186,2.0,1,1,1.0,-0.0008989559913449852,2023,0
2023-08-11,EX12_PLATFORM_MEDOID_REPRICED_10BP,73,2023-08-14,1,9.864085494348808e-05,0.018901960863615674,0.2985222773397024,0.020247147954531905,1.0,3,0,0.7037392439965764,-6.297677803496216e-05,2023,0
2023-08-28,EX12_PLATFORM_MEDOID_REPRICED_10BP,74,2023-08-29,3,0.0735745323718597,0.14261443985541813,0.32009033563969597,0.2518396683300427,2.0,3,2,0.5476064219856689,-0.03759903274161612,2023,0
2023-09-05,EX12_PLATFORM_MEDOID_REPRICED_10BP,75,2023-09-06,1,0.0011535832588465,0.03558832211134011,0.17902984760580853,0.16208073399038384,1.0,4,2,0.5227795937050166,0.011569426113765432,2023,0
2023-10-09,EX12_PLATFORM_MEDOID_REPRICED_10BP,76,2023-10-10,8,-0.0261255228288194,0.06869539424475632,0.18292599542007393,0.12151168279541796,1.0,2,1,0.9463282213330527,0.009590083159015245,2023,1
2023-10-25,EX12_PLATFORM_MEDOID_REPRICED_10BP,77,2023-10-26,1,0.0003121878121878,0.09619341012731869,0.12930838147249402,0.21270965770121736,3.0,3,2,0.6764198880207575,-0.013178200273735423,2023,0
2023-10-31,EX12_PLATFORM_MEDOID_REPRICED_10BP,78,2023-11-01,8,0.0168951315944634,0.0056842932697666465,0.11763648467099662,0.18606458311258156,1.0,2,1,0.967362299813407,-0.01332535357776542,2023,1
2023-11-13,EX12_PLATFORM_MEDOID_REPRICED_10BP,79,2023-11-14,1,0.0230883870228133,0.00033777087121281135,0.13061106214640575,-0.08473747256798034,2.0,2,1,0.6829214256150615,0.048345350073526465,2023,0
2023-11-15,EX12_PLATFORM_MEDOID_REPRICED_10BP,80,2023-11-16,2,-0.0128223186791515,0.20589492246709556,0.30815859786180866,0.3361682137422885,2.0,4,1,0.47649995556135644,0.09369952556495799,2023,0
2023-11-21,EX12_PLATFORM_MEDOID_REPRICED_10BP,81,2023-11-22,2,-0.011922883746088,0.07927279083107305,0.18953859150974825,0.0808438122524266,1.0,4,1,0.38809311970779886,0.04249845167253631,2023,0
2023-12-04,EX12_PLATFORM_MEDOID_REPRICED_10BP,82,2023-12-05,3,-0.0144588668992754,0.055394225915260414,0.1397106898542741,0.1095698197580741,2.0,3,2,0.5764623857855538,-0.014285910967905512,2023,0
2023-12-08,EX12_PLATFORM_MEDOID_REPRICED_10BP,83,2023-12-11,6,-0.0268914758710676,0.04754993079270814,0.1713772979507256,0.10097295352669836,2.0,3,2,0.8205031648607907,0.018363803984825587,2023,1
2023-12-22,EX12_PLATFORM_MEDOID_REPRICED_10BP,84,2023-12-25,1,-0.0100930355855036,0.05349924231195405,0.26500933588384723,0.21017843231301594,2.0,2,0,0.9370302550807352,-0.02139400483851569,2023,0
2023-12-26,EX12_PLATFORM_MEDOID_REPRICED_10BP,85,2023-12-27,6,-0.0055412043577722,0.0021289845576192845,0.10182431525031563,0.21363907812951244,2.0,3,1,0.49006837186569807,0.05745219629037686,2023,1
2024-01-08,EX12_PLATFORM_MEDOID_REPRICED_10BP,86,2024-01-09,18,-0.1188251350144251,0.061004794818895175,0.06570338314092378,0.13866889851380962,2.0,3,2,0.4936349971965194,-0.005581705880165154,2024,1
2024-02-02,EX12_PLATFORM_MEDOID_REPRICED_10BP,87,2024-02-05,2,0.0749948741215118,0.15907644582082467,0.3479733103114443,0.0065624809623252844,2.0,3,1,0.6338968552411796,-0.030552332781185916,2024,0
2024-02-08,EX12_PLATFORM_MEDOID_REPRICED_10BP,88,2024-02-19,1,-0.0071159609621146,0.07289694860724566,0.15118197621713178,0.008293222314651183,2.0,3,2,0.6933942692154398,-0.06026393774549685,2024,0
2024-02-28,EX12_PLATFORM_MEDOID_REPRICED_10BP,89,2024-02-29,5,0.05246149789297,0.22257213101186696,0.35285267583999314,0.3177014024965744,1.0,4,2,0.36586517222316145,0.10912859278568851,2024,1
2024-03-19,EX12_PLATFORM_MEDOID_REPRICED_10BP,90,2024-03-20,8,-0.0573089561041366,0.0880426900850654,0.24506538575066877,0.22827329840783586,1.0,3,1,0.5041389420504112,0.02749143497240581,2024,1
2024-04-08,EX12_PLATFORM_MEDOID_REPRICED_10BP,91,2024-04-09,1,0.0151634080205509,0.0959676696558725,0.26074156966423534,0.15061296358205084,1.0,4,3,0.4491486937806364,0.012670390359285334,2024,0
2024-04-18,EX12_PLATFORM_MEDOID_REPRICED_10BP,92,2024-04-19,2,-0.0164617990704946,0.006732524679632798,0.14830778984715287,0.17727057566860027,2.0,3,2,0.6683103499560911,0.09508529921140806,2024,0
2024-04-24,EX12_PLATFORM_MEDOID_REPRICED_10BP,93,2024-04-25,2,0.0284854587643434,0.02134011195700103,0.022479091706612733,0.0624144634427363,2.0,2,2,0.787533125579537,0.03705736013636612,2024,0
2024-04-29,EX12_PLATFORM_MEDOID_REPRICED_10BP,94,2024-04-30,11,-0.0309073797738784,0.11843211306684154,0.2109954504215173,0.09709200110984051,2.0,3,2,0.6881454883602799,0.057993868895626875,2024,1
2024-05-20,EX12_PLATFORM_MEDOID_REPRICED_10BP,95,2024-05-21,1,-0.0058913778029512,0.02851087457616927,0.16476693709320223,-0.037489554736232,2.0,4,2,0.758486474700592,0.07904504364735752,2024,0
2024-05-28,EX12_PLATFORM_MEDOID_REPRICED_10BP,96,2024-05-29,1,-0.0019980019980019,0.050492257626609305,0.06704475851025977,0.09156696578225301,3.0,3,2,0.4436672991699259,0.060493684707666945,2024,0
2024-06-03,EX12_PLATFORM_MEDOID_REPRICED_10BP,97,2024-06-04,9,0.0071102300567751,0.07500472632805466,0.23732032296471703,0.2029605142140041,1.0,3,1,0.6437656244808112,0.04944493893980655,2024,1
2024-06-28,EX12_PLATFORM_MEDOID_REPRICED_10BP,98,2024-07-01,1,-0.0088336321213031,0.013421471823631195,0.08656805193005983,0.08271111022831201,2.0,3,2,0.4013633273398571,-0.04081203994660631,2024,0
2024-07-02,EX12_PLATFORM_MEDOID_REPRICED_10BP,99,2024-07-03,6,0.0286240955697023,0.01402846107187633,0.1655344418223487,0.08717504117830496,2.0,3,1,0.4793296913894554,-0.030418257397225982,2024,1
2024-07-11,EX12_PLATFORM_MEDOID_REPRICED_10BP,100,2024-07-12,1,0.000728779417304,0.04514578534029215,0.19028995685616634,0.05028351636177665,2.0,2,0,0.9050342558486066,-0.06713457780327718,2024,0
2024-07-23,EX12_PLATFORM_MEDOID_REPRICED_10BP,101,2024-07-24,1,-0.0182037177977637,0.08825724928645046,0.32420981294129464,0.2964050973872987,1.0,3,1,0.49010272916120956,-0.08840242159710786,2024,0
2024-07-29,EX12_PLATFORM_MEDOID_REPRICED_10BP,102,2024-07-30,1,0.0021430851306372,0.029049434551399175,0.3176670665547368,0.16333707307100293,1.0,3,1,0.4551189214514658,-0.03633150580057619,2024,0
2024-08-01,EX12_PLATFORM_MEDOID_REPRICED_10BP,103,2024-08-02,1,-0.0139740259740258,0.1842990791555667,0.2899683112968005,0.1552496446041675,1.0,4,2,0.5992563378225446,0.03908997517340623,2024,0
2024-08-14,EX12_PLATFORM_MEDOID_REPRICED_10BP,104,2024-08-15,3,0.0035541648893526,0.017607680706349146,0.28663607657832624,0.05629285348074962,1.0,3,0,0.5655042074080034,0.017972450419315545,2024,0
2024-08-20,EX12_PLATFORM_MEDOID_REPRICED_10BP,105,2024-08-21,1,-0.0019980019980018,0.004975070545930202,0.140851468130268,0.041641534715249784,2.0,3,2,0.590675648848994,-0.08397515953336769,2024,0
2024-08-26,EX12_PLATFORM_MEDOID_REPRICED_10BP,106,2024-08-27,1,-0.0134200563385111,0.010298570276284225,0.2605744458370799,0.2368315462633444,2.0,2,0,0.942846285294588,-0.02294455082401567,2024,0
2024-09-02,EX12_PLATFORM_MEDOID_REPRICED_10BP,107,2024-09-03,2,0.0052760650428287,0.12440197606603659,0.1954571239601612,0.30935470496359,2.0,3,2,0.5317567146952321,-0.08247788563015768,2024,0
2024-09-12,EX12_PLATFORM_MEDOID_REPRICED_10BP,108,2024-09-13,5,-0.0197402597402597,0.03639581652577614,0.1542384083736603,0.24898177023162643,2.0,2,1,0.6195713555260025,-0.03345658007880612,2024,1
2024-09-25,EX12_PLATFORM_MEDOID_REPRICED_10BP,109,2024-09-26,4,0.5774870290999325,0.14299472618189904,0.21776133132751607,0.10042410875447665,2.0,4,2,0.426244454661065,0.013960907404755498,2024,1
2024-10-09,EX12_PLATFORM_MEDOID_REPRICED_10BP,110,2024-10-10,11,-0.027239297667313,0.14412873424298878,0.3232719549546229,0.05441709475486445,2.0,3,1,0.5846831242240283,-0.05681980819909674,2024,1
2024-10-25,EX12_PLATFORM_MEDOID_REPRICED_10BP,111,2024-10-28,7,0.0048712349597308,0.05580471981215704,0.1673661729165502,0.053263040426765246,2.0,3,1,0.8570896984264519,0.1367430230670694,2024,1
2024-11-06,EX12_PLATFORM_MEDOID_REPRICED_10BP,112,2024-11-07,5,0.067102037428447,0.17489284719122133,0.31800156948291675,0.1731964701761109,2.0,3,1,0.6758980425711589,-0.00727802979045529,2024,1
2024-11-22,EX12_PLATFORM_MEDOID_REPRICED_10BP,113,2024-11-25,1,-0.0190492924161265,0.09566871568388197,0.24612822029520842,0.25748872393787414,1.0,4,2,0.41690032583900455,0.043601206274526336,2024,0
2024-12-02,EX12_PLATFORM_MEDOID_REPRICED_10BP,114,2024-12-03,4,-0.0048740884475753,0.02388117986587951,0.1427866074061982,0.07234417223436923,1.0,3,2,0.5463517321247466,0.06774893188230716,2024,1
2024-12-23,EX12_PLATFORM_MEDOID_REPRICED_10BP,115,2024-12-24,5,0.0174562279825436,0.16164338407186293,0.27007442509201696,0.4696457639754228,1.0,4,2,0.36777803509282947,0.052792021528756644,2024,1
2025-01-02,EX12_PLATFORM_MEDOID_REPRICED_10BP,116,2025-01-03,2,-0.0193102815551794,0.018486000614785114,0.04882912267644822,-0.029438687569393662,2.0,2,2,0.6690117192216208,0.10053767831117824,2025,0
2025-01-14,EX12_PLATFORM_MEDOID_REPRICED_10BP,117,2025-01-15,3,-0.0079740618662773,0.016010851052707664,0.3584598972959969,0.22336235302488788,2.0,2,1,0.5434678242463324,0.08821644951009783,2025,0
2025-01-20,EX12_PLATFORM_MEDOID_REPRICED_10BP,118,2025-01-21,9,0.0621306404438934,0.009365531316665454,0.1814526986667836,0.08485159871199256,2.0,2,0,0.8815267897273983,-0.01950221163408567,2025,1
2025-02-11,EX12_PLATFORM_MEDOID_REPRICED_10BP,119,2025-02-12,15,0.0522308958915254,0.11330462660966334,0.24292047007133194,0.09217163395978195,2.0,3,1,0.5144975435198482,0.10670958027531839,2025,1
2025-03-06,EX12_PLATFORM_MEDOID_REPRICED_10BP,120,2025-03-07,1,-0.0116109809629948,0.0011129435915876174,0.33222627703266805,-0.12651710629989685,1.0,2,1,0.8148742356692529,-0.03624574640672615,2025,0
2025-04-10,EX12_PLATFORM_MEDOID_REPRICED_10BP,121,2025-04-11,1,0.0315648742948448,0.07493588648759794,0.29934178664252614,0.13297799792140338,2.0,3,1,0.8642295783908475,-0.06846033291878711,2025,0
2025-04-23,EX12_PLATFORM_MEDOID_REPRICED_10BP,122,2025-04-24,4,-0.0125945483088339,0.11402127944378376,0.33327268948075195,0.26377253980197435,1.0,3,2,0.8030310322078408,0.031740846777025974,2025,1
2025-05-13,EX12_PLATFORM_MEDOID_REPRICED_10BP,123,2025-05-14,2,-0.0155106015841025,0.07227874898884523,0.22437760483416622,0.159440087596603,2.0,3,2,0.8020910674571236,-0.08669976621539781,2025,0
2025-06-09,EX12_PLATFORM_MEDOID_REPRICED_10BP,124,2025-06-10,3,-0.0301517548599258,0.07702826329902177,0.263071817398848,0.12939862196816865,1.0,2,1,0.8903755908090626,0.019547361888485583,2025,0
2025-06-17,EX12_PLATFORM_MEDOID_REPRICED_10BP,125,2025-06-18,1,0.0010354387254083,0.028951694194796374,0.25132995767418886,0.1287973288196021,2.0,1,0,1.0,-0.00921497324928524,2025,0
2025-06-24,EX12_PLATFORM_MEDOID_REPRICED_10BP,126,2025-06-25,10,0.009918439769186,0.026336253185127098,0.23245481813984797,0.12536394833994915,1.0,1,0,1.0,-0.0027875834600650552,2025,1
2025-07-30,EX12_PLATFORM_MEDOID_REPRICED_10BP,127,2025-07-31,3,-0.0066098411754603,0.03427018857078945,0.09044230986746982,0.10041480922222745,3.0,3,1,0.4991853776561835,0.062343493393407015,2025,0
2025-08-05,EX12_PLATFORM_MEDOID_REPRICED_10BP,128,2025-08-06,1,0.0026181034506662,0.010673388515176532,0.16983448741083462,-0.1253504849106979,2.0,2,1,0.6247506025852569,0.05476957412703671,2025,0
2025-08-07,EX12_PLATFORM_MEDOID_REPRICED_10BP,129,2025-08-08,9,0.0894008858856223,0.13712331429287203,0.3218471033529657,0.29628441318853016,2.0,4,1,0.41977180733144753,0.08933861350357787,2025,1
2025-08-21,EX12_PLATFORM_MEDOID_REPRICED_10BP,130,2025-08-22,19,0.193573457660926,0.017570850879870356,0.16001940195562084,0.020430445499659014,2.0,2,1,0.623149452887167,0.09022469906346789,2025,1
2025-09-18,EX12_PLATFORM_MEDOID_REPRICED_10BP,131,2025-09-19,2,0.0141327400638713,0.06784706990196021,0.18322410315063034,0.1159996887847625,2.0,4,1,0.5348736132184899,0.07678130626890746,2025,0
2025-10-09,EX12_PLATFORM_MEDOID_REPRICED_10BP,132,2025-10-10,2,-0.018094808417389,0.1364422205874216,0.26151889079938223,0.2820367556644288,2.0,4,1,0.4934250542222746,0.001929029119555059,2025,0
2025-10-14,EX12_PLATFORM_MEDOID_REPRICED_10BP,133,2025-10-15,1,0.0069992420893947,0.05738975005553981,0.433228001331448,-0.07905247053188177,2.0,3,1,0.5156310448530307,-0.07114612081783722,2025,0
2025-10-20,EX12_PLATFORM_MEDOID_REPRICED_10BP,134,2025-10-21,2,0.0137073227201982,0.008626158934574427,0.21827502263130227,0.29700295469740357,1.0,3,2,0.4981756732971995,0.04260362045787636,2025,0
2025-10-28,EX12_PLATFORM_MEDOID_REPRICED_10BP,135,2025-10-29,1,0.0120489430140906,0.018302554710077884,0.11423107068829974,0.33467793414463975,1.0,2,1,0.6873884689417886,-0.02576303872778584,2025,0
2025-11-11,EX12_PLATFORM_MEDOID_REPRICED_10BP,136,2025-11-12,1,-0.0019980019980018,0.05010759765662737,0.16492746676867232,0.20504983793693354,1.0,2,1,0.6958905894089153,-0.026154392293295883,2025,0
2025-11-25,EX12_PLATFORM_MEDOID_REPRICED_10BP,137,2025-11-26,3,0.021439923712651,0.08961567720539348,0.12033022672366211,0.1448507453985069,2.0,3,2,0.7021489538943867,-0.07716770374223744,2025,0
2025-12-01,EX12_PLATFORM_MEDOID_REPRICED_10BP,138,2025-12-02,1,-0.0115729289161023,0.029927891983574997,0.12079105615206087,0.02723457132776823,2.0,3,3,0.5794217024005293,0.055899859948406766,2025,0
2025-12-11,EX12_PLATFORM_MEDOID_REPRICED_10BP,139,2025-12-12,1,0.0061338661338661,0.007580342882704663,0.24020649305276964,0.02975284167984927,1.0,3,1,0.5262052804534407,-0.042881683410156315,2025,0
2025-12-26,EX12_PLATFORM_MEDOID_REPRICED_10BP,140,2025-12-29,23,0.1077604114749053,0.019226896366773272,0.05062279120686673,0.11360820687988414,3.0,3,2,0.7674847668809103,0.015766941215335478,2025,1
2026-03-03,EX12_PLATFORM_MEDOID_REPRICED_10BP,141,2026-03-04,1,0.0285893721389089,0.1518003003038207,0.22229970281602077,0.18402966330300313,2.0,4,2,0.4055341487888777,0.09226047983621798,2026,0
2026-03-05,EX12_PLATFORM_MEDOID_REPRICED_10BP,142,2026-03-06,1,-0.0117960580793676,0.0029077846006772406,0.12984557610079442,0.07340718711287732,2.0,3,2,0.4514089792999353,-0.015550272173235475,2026,0
2026-03-17,EX12_PLATFORM_MEDOID_REPRICED_10BP,143,2026-03-18,1,-0.0091934021277928,0.10341019219940262,0.3457694226789605,0.16602287333961985,1.0,4,2,0.402247536705085,0.03014336018065597,2026,0
2026-04-01,EX12_PLATFORM_MEDOID_REPRICED_10BP,144,2026-04-02,2,-0.0247142841983509,0.012090368605539248,0.17020036589884957,0.3899497404741846,1.0,2,1,0.9601647859828956,-0.04627570660997646,2026,0
2026-04-08,EX12_PLATFORM_MEDOID_REPRICED_10BP,145,2026-04-09,10,0.0929802262159509,0.02144068094267447,0.13267145811064895,-0.04121151196022631,1.0,3,1,0.3860545645856299,0.06052121592704697,2026,1
2026-04-23,EX12_PLATFORM_MEDOID_REPRICED_10BP,146,2026-04-24,4,0.0476639924492687,0.2573319297104626,0.36715384042167215,0.11138517860869127,2.0,4,2,0.5051715172618263,0.08431145066011768,2026,1
2026-05-06,EX12_PLATFORM_MEDOID_REPRICED_10BP,147,2026-05-07,8,0.0167879179643886,0.28134916815766614,0.3431407829957239,0.1583938530845805,2.0,4,2,0.4289263778582919,0.12208041932157893,2026,1
2026-05-21,EX12_PLATFORM_MEDOID_REPRICED_10BP,148,2026-05-22,5,0.037085363615976,0.3021490620623967,0.4677557844633187,0.4136707372221039,2.0,4,2,0.46454547267831264,0.11173674311877858,2026,1
2026-05-29,EX12_PLATFORM_MEDOID_REPRICED_10BP,149,2026-06-01,2,-0.0349482638234736,0.17984599576039545,0.31738168468056394,0.18282078520636214,2.0,4,2,0.31643964457241636,0.07795041087325753,2026,0
2026-06-05,EX12_PLATFORM_MEDOID_REPRICED_10BP,150,2026-06-08,1,0.0101357608956393,0.04194041959187873,0.26169472942477195,0.2883540999165103,1.0,4,2,0.6021752557531856,0.024721678035975775,2026,0
2026-06-12,EX12_PLATFORM_MEDOID_REPRICED_10BP,151,2026-06-15,1,0.0391268626904148,0.05548402493286117,0.4381874218495153,0.21647466303077856,1.0,2,0,0.704428699507665,-0.11976657559654885,2026,0
2026-06-16,EX12_PLATFORM_MEDOID_REPRICED_10BP,152,2026-06-17,1,0.0571720769349228,0.054316218838112496,0.15597375961045987,0.4370196157547666,2.0,2,1,0.9607809632360178,0.0074540896931051814,2026,0
2026-06-22,EX12_PLATFORM_MEDOID_REPRICED_10BP,153,2026-06-23,2,0.0380030927976136,0.10686027554447747,0.30968732839864055,0.05254405670636497,1.0,3,1,0.7766535650041954,0.04565639643876643,2026,0
2026-06-26,EX12_PLATFORM_MEDOID_REPRICED_10BP,154,2026-06-29,5,-0.0087185541730997,0.05024154022036978,0.09667466548360126,0.0383335234540043,2.0,3,3,0.46761393431127046,0.05931645827542686,2026,1
2026-07-10,EX12_PLATFORM_MEDOID_REPRICED_10BP,155,2026-07-13,2,-0.0072632403567653,0.1289224621609313,0.35268897396449217,0.2755032002704155,1.0,3,1,0.5583083687581734,-0.06247756877736693,2026,0
2026-07-22,EX12_PLATFORM_MEDOID_REPRICED_10BP,156,2026-07-23,1,-0.0612281625937086,0.035457128990954295,0.20584676551336684,0.15752039549585,1.0,3,2,0.4486043378940242,-0.08495333595852768,2026,0
2026-07-31,EX12_PLATFORM_MEDOID_REPRICED_10BP,157,2026-08-03,4,0.0521288583445804,0.14176310575752551,0.3231827624803691,0.22557741047569618,1.0,3,2,0.6933859335727457,-0.06314698529515694,2026,1
2026-08-10,EX12_PLATFORM_MEDOID_REPRICED_10BP,158,2026-08-11,2,0.02305167735858,0.00708019257323797,0.06685334907715844,-0.05616157166486399,2.0,3,2,0.7693186706176488,0.006331925699625152,2026,0
2026-08-13,EX12_PLATFORM_MEDOID_REPRICED_10BP,159,2026-08-14,2,0.0301047710754256,0.05783948429709029,0.25059113322175486,0.05075929172385232,2.0,4,1,0.5485416880085054,0.014017345222755398,2026,0
2026-08-28,EX12_PLATFORM_MEDOID_REPRICED_10BP,160,2026-08-31,1,0.0303696303696301,0.006220704711247485,0.2730101146054679,0.37907402309061433,1.0,3,1,0.4232216206709848,-0.07719206922590752,2026,0
2021-03-08,EX14_UNIQUE_FEASIBLE_10BP,1,2021-03-09,3,-0.007355374686663,0.2235059898593768,0.4487011726019643,,1.0,3,1,0.5954598365545737,-0.02224334645835993,2021,0
2021-03-23,EX14_UNIQUE_FEASIBLE_10BP,2,2021-03-24,1,-0.0138884150004084,0.06203658196594425,0.2965987735445068,0.2204668089116532,1.0,3,0,0.5957561154923054,0.01305646784140431,2021,0
2021-03-29,EX14_UNIQUE_FEASIBLE_10BP,3,2021-03-30,1,-0.0051363730609013,0.10427157912591759,0.1364499242525674,0.21410849608784524,2.0,3,1,0.7568246162252704,0.010787926440912993,2021,0
2021-04-02,EX14_UNIQUE_FEASIBLE_10BP,4,2021-04-06,2,-0.0065104450937154,0.1296643107525614,0.22171932531547928,0.23246430703435134,1.0,3,2,0.6308882091575815,0.06799643133312308,2021,0
2021-04-09,EX14_UNIQUE_FEASIBLE_10BP,5,2021-04-12,2,-0.0204937919223632,0.005187175691357737,0.013646748402843717,-0.010520963535767092,2.0,3,2,0.43370896888452526,0.041061539976231694,2021,0
2021-04-26,EX14_UNIQUE_FEASIBLE_10BP,6,2021-04-27,2,0.0061945517169397,0.14056119846640122,0.30191895002884916,0.357929554999064,2.0,3,1,0.7677634866073174,-0.017185953557196685,2021,0
2021-05-07,EX14_UNIQUE_FEASIBLE_10BP,7,2021-05-10,2,-0.0135578707007275,0.08143276093129892,0.19782385588158588,0.14254987977258135,1.0,3,3,0.4758724802807417,-0.059904012440848586,2021,0
2021-05-17,EX14_UNIQUE_FEASIBLE_10BP,8,2021-05-18,1,-0.0100938884124724,0.08474044784490009,0.08787325958899372,0.4448807217202426,2.0,2,1,0.932915438869286,-0.05506140598088493,2021,0
2021-05-21,EX14_UNIQUE_FEASIBLE_10BP,9,2021-05-24,1,0.011418006937051,0.06088984034378386,0.20932847355233075,0.288327723862082,1.0,2,1,0.6713484084435009,-0.03187950085495201,2021,0
2021-05-25,EX14_UNIQUE_FEASIBLE_10BP,10,2021-05-26,11,0.041610967828733,0.051646829565256236,0.17863712786267183,0.20008546277380312,2.0,3,2,0.8102296039441993,0.008617797553729139,2021,1
2021-06-11,EX14_UNIQUE_FEASIBLE_10BP,11,2021-06-15,3,0.0224595010163421,0.11008577354706536,0.17073949115452564,0.061828245343906796,2.0,4,3,0.6701550727795206,0.023224020255068784,2021,0
2021-06-22,EX14_UNIQUE_FEASIBLE_10BP,12,2021-06-23,6,0.0435406495817807,0.09813571612293148,0.24376221403803522,0.2577853281558492,1.0,2,1,0.6031830217171135,0.07331951267764936,2021,1
2021-07-01,EX14_UNIQUE_FEASIBLE_10BP,13,2021-07-02,4,-0.0032423935167076,0.03537047345953313,0.1430658142838181,-0.043929625333233094,2.0,3,0,0.5552013208785341,0.01562778015501315,2021,1
2021-07-08,EX14_UNIQUE_FEASIBLE_10BP,14,2021-07-09,1,-0.0001634395016746,0.029319133098222122,0.17036188697216892,0.018506897423184857,2.0,3,1,0.773643749349068,0.006105431570108103,2021,0
2021-07-12,EX14_UNIQUE_FEASIBLE_10BP,15,2021-07-13,3,-0.0166835004357994,0.06411160246634157,0.2775574629919173,0.20515435634028834,2.0,1,0,1.0,-0.014479814579360782,2021,0
2021-07-21,EX14_UNIQUE_FEASIBLE_10BP,16,2021-07-22,11,0.0335558191808191,0.08300975260847795,0.42629057360947653,0.1540504105401765,1.0,2,0,0.9253200635275299,-0.03119824720320314,2021,1
2021-08-06,EX14_UNIQUE_FEASIBLE_10BP,17,2021-08-09,1,-0.0057172641023571,0.12588598824072075,0.26438370581018034,0.08318015559852139,2.0,4,1,0.3236857138821398,0.03847694448190872,2021,0
2021-08-17,EX14_UNIQUE_FEASIBLE_10BP,18,2021-08-18,1,0.0005741680999415,0.11114962874998949,0.19935334971169946,0.13558428925621188,2.0,4,3,0.35289249630197844,0.03791802426440515,2021,0
2021-08-30,EX14_UNIQUE_FEASIBLE_10BP,19,2021-08-31,2,-0.0266153846153844,0.1417961623735003,0.34166184575149794,0.25109698478845566,2.0,3,2,0.5471015079710491,-0.029042464072133567,2021,0
2021-09-16,EX14_UNIQUE_FEASIBLE_10BP,20,2021-09-17,1,-0.0070239113404577,0.0663407974005103,0.28354819988840846,0.08972451199171201,2.0,4,2,0.42401040414024,0.029314131963140214,2021,0
2021-10-15,EX14_UNIQUE_FEASIBLE_10BP,21,2021-10-18,2,0.0001436331908437,0.008332495465727285,0.13668828433695218,0.15269290916869932,1.0,1,0,1.0,-0.015426231529654664,2021,0
2021-10-26,EX14_UNIQUE_FEASIBLE_10BP,22,2021-10-27,2,-0.0126075200490508,0.09583104924420754,0.19630622793429264,0.1106717852546664,2.0,3,1,0.7935689579950824,0.013816249461512872,2021,0
2021-10-29,EX14_UNIQUE_FEASIBLE_10BP,23,2021-11-01,17,0.0551102770223497,0.08483423265226331,0.26049175421409027,-0.010996816591944236,2.0,2,1,0.7945648307112935,0.04631885919267245,2021,1
2021-11-24,EX14_UNIQUE_FEASIBLE_10BP,24,2021-11-25,3,0.0026377073490544,0.09687444498392228,0.18216351956662574,0.16362764124368312,2.0,3,2,0.49164659716997383,0.08531024464493878,2021,0
2021-11-30,EX14_UNIQUE_FEASIBLE_10BP,25,2021-12-01,1,-0.011263272536482,0.027261108701768982,0.17458230954550555,0.014352711328895804,2.0,3,1,0.8866251071838437,0.004789657115566687,2021,0
2021-12-07,EX14_UNIQUE_FEASIBLE_10BP,26,2021-12-08,1,0.00633024833303,0.0006441713376287156,0.09620342678250296,0.16239892450622065,1.0,3,2,0.519526966262939,0.02490001243306402,2021,0
2021-12-13,EX14_UNIQUE_FEASIBLE_10BP,27,2021-12-14,1,0.0020727063555072,0.03548631161335229,0.2342815638179639,0.14917960422425153,2.0,1,0,1.0,-0.0020253798655853862,2021,0
2021-12-16,EX14_UNIQUE_FEASIBLE_10BP,28,2021-12-17,2,-0.0408546371661124,0.08795168047193097,0.1736158749336198,0.05246536885857868,1.0,2,1,0.7286351904658456,0.05304380635605223,2021,0
2021-12-22,EX14_UNIQUE_FEASIBLE_10BP,29,2021-12-23,1,-0.0012922014336439,0.09004558463881132,0.4210493514258361,0.16349901725772412,1.0,2,0,0.8020427024751033,-0.03031935398152479,2021,0
2022-01-04,EX14_UNIQUE_FEASIBLE_10BP,30,2022-01-05,2,-0.0269302432043329,0.13550870119184358,0.4194625464134817,0.31628538617775265,1.0,4,0,0.7102103824860978,0.005792658941297506,2022,0
2022-01-18,EX14_UNIQUE_FEASIBLE_10BP,31,2022-01-19,1,-0.0157485733990445,0.03646354896433299,0.10686073424865986,0.1452396664075552,2.0,4,1,0.32422059467048414,0.01450643942432152,2022,0
2022-01-25,EX14_UNIQUE_FEASIBLE_10BP,32,2022-01-26,1,-0.0103526610375925,0.05734538274485487,0.2975429150184066,0.09336153966539373,1.0,4,2,0.4995055751360655,0.017273312012434122,2022,0
2022-02-10,EX14_UNIQUE_FEASIBLE_10BP,33,2022-02-11,1,-0.0159388680341844,0.03516205220275137,0.15754680228976886,0.09607453351140999,1.0,3,1,0.6432341356976845,-0.03490611887330741,2022,0
2022-02-24,EX14_UNIQUE_FEASIBLE_10BP,34,2022-02-25,4,0.005124930580918,0.003791677457090553,0.11371809059160148,0.06398052707879841,1.0,3,2,0.5599875233505783,0.072315400777996,2022,1
2022-03-03,EX14_UNIQUE_FEASIBLE_10BP,35,2022-03-04,3,-0.0527438663031883,0.15099233967831635,0.39437298105482554,0.12265999376421821,2.0,4,1,0.3989277362404278,0.027500361103188386,2022,0
2022-03-10,EX14_UNIQUE_FEASIBLE_10BP,36,2022-03-11,1,0.0107750611163581,0.06933377841378396,0.13182947123764122,0.1117126010616842,2.0,2,1,0.8450743646055254,-0.03121677010809418,2022,0
2022-03-15,EX14_UNIQUE_FEASIBLE_10BP,37,2022-03-16,5,0.0188661512703325,0.006912193436507799,0.0954890172600345,-0.062421584977276165,1.0,2,2,0.6199571206222738,-0.005619764089506461,2022,1
2022-03-25,EX14_UNIQUE_FEASIBLE_10BP,38,2022-03-28,4,-0.016129003739623,0.14760430829292137,0.4135383016774089,0.2511040002489013,2.0,4,1,0.3693520205492721,0.04213511679272436,2022,1
2022-04-20,EX14_UNIQUE_FEASIBLE_10BP,39,2022-04-21,2,-0.0409980800762364,0.1379671901806013,0.2982712142850445,0.41466030348552885,1.0,3,1,0.5936798315048397,0.0399094123666778,2022,0
2022-04-25,EX14_UNIQUE_FEASIBLE_10BP,40,2022-04-26,2,0.0078399147402434,0.00467229727113487,0.13805322664285188,-0.13329489290946644,2.0,3,2,0.49641933247189923,0.015793926331770174,2022,0
2022-04-29,EX14_UNIQUE_FEASIBLE_10BP,41,2022-05-05,2,-0.008158508158508,0.11434455235149124,0.14509062038141526,-0.04225292193582464,2.0,2,2,0.798318602798542,-0.013034212908959772,2022,0
2022-05-11,EX14_UNIQUE_FEASIBLE_10BP,42,2022-05-12,1,0.0234163485877492,0.13907765437223632,0.31704260566132214,0.2867544458656125,1.0,4,2,0.4515736626581844,0.02338866111716238,2022,0
2022-05-16,EX14_UNIQUE_FEASIBLE_10BP,43,2022-05-17,1,0.0165740234300471,0.17778396377588507,0.3142519828106457,0.03870630940364875,1.0,4,1,0.34769224726969244,0.07174215952506319,2022,0
2022-05-18,EX14_UNIQUE_FEASIBLE_10BP,44,2022-05-19,1,0.0376897593192455,0.12253961930120333,0.24087013756570383,0.25900763833596396,2.0,4,2,0.5207224981513819,0.0684647869643731,2022,0
2022-05-24,EX14_UNIQUE_FEASIBLE_10BP,45,2022-05-25,1,0.0057761128841948,0.20582782662533605,0.36419032748532654,0.3839647997689948,1.0,4,1,0.4758038089622265,0.0011660195432870361,2022,0
2022-05-27,EX14_UNIQUE_FEASIBLE_10BP,46,2022-05-30,3,0.0341331857965909,0.038090285027743684,0.05168978916979046,-0.16773754159759235,2.0,3,2,0.7720440471358644,-0.023850896321315047,2022,0
2022-06-07,EX14_UNIQUE_FEASIBLE_10BP,47,2022-06-08,2,-0.0326653153694415,0.00916942424458135,0.11492893116494522,0.18949764879516723,1.0,3,1,0.8501685207273545,0.0017254048127880832,2022,0
2022-06-16,EX14_UNIQUE_FEASIBLE_10BP,48,2022-06-17,1,0.0243129597675053,0.15590200829307163,0.20469261646955966,0.4547178572771331,2.0,3,3,0.7435753976084158,-0.00033854101900395936,2022,0
2022-06-20,EX14_UNIQUE_FEASIBLE_10BP,49,2022-06-21,9,-0.003775387568798,0.01883721573908234,0.24268683041917652,0.06762782391557037,2.0,3,0,0.5719781855625414,0.035215286532539844,2022,1
2022-07-04,EX14_UNIQUE_FEASIBLE_10BP,50,2022-07-05,7,-0.0452359311775755,0.026594446991127355,0.16264875465875497,-0.01870746556254828,2.0,3,1,0.5831517088585925,0.05701025377017886,2022,1
2022-07-18,EX14_UNIQUE_FEASIBLE_10BP,51,2022-07-19,1,-0.0056238039889263,0.03135040461453743,0.07381851355259061,0.23386217033095508,2.0,3,2,0.6055645163797461,0.0516921341376337,2022,0
2022-07-28,EX14_UNIQUE_FEASIBLE_10BP,52,2022-07-29,7,0.0408234497551487,0.06178820739660071,0.35010733070687294,0.269981090616517,1.0,2,1,0.910651569033748,-0.05543174190247647,2022,1
2022-08-11,EX14_UNIQUE_FEASIBLE_10BP,53,2022-08-12,1,-0.0267418531881341,0.014408159644939161,0.19170475867562303,0.13583677756349638,1.0,2,0,0.9992744527479099,-0.07186001447489615,2022,0
2022-08-19,EX14_UNIQUE_FEASIBLE_10BP,54,2022-08-22,1,0.0006352486563567,0.03474641093980274,0.32221270664376345,0.15408395836533406,1.0,3,0,0.5091082672662786,-0.04944556664577646,2022,0
2022-09-08,EX14_UNIQUE_FEASIBLE_10BP,55,2022-09-09,1,-0.0112645015151976,0.07021113201739551,0.14963848307189098,0.26995385237709135,2.0,4,3,0.5199349775432148,0.03190319492260732,2022,0
2022-09-15,EX14_UNIQUE_FEASIBLE_10BP,56,2022-09-16,1,-0.0010262376377272,0.08271471460339572,0.45201821064475745,0.1744284513655916,2.0,4,0,0.4082000480930433,0.015269260111511557,2022,0
2022-09-29,EX14_UNIQUE_FEASIBLE_10BP,57,2022-09-30,1,-0.0242207185527022,0.042099480170645825,0.05507131264205207,0.22226442256735054,2.0,3,2,0.893611855010278,-0.005954959748647045,2022,0
2022-10-14,EX14_UNIQUE_FEASIBLE_10BP,58,2022-10-17,1,0.0247525670206083,0.1829782609439068,0.21353083484923002,0.3413877409379288,2.0,3,1,0.6786862677870626,0.029233782664092444,2022,0
2022-10-18,EX14_UNIQUE_FEASIBLE_10BP,59,2022-10-19,3,0.0111869837479594,0.10035203299125517,0.2739636771796117,0.1309046068965784,2.0,2,1,0.8252285773705837,0.03506271253346446,2022,0
2022-10-24,EX14_UNIQUE_FEASIBLE_10BP,60,2022-10-25,6,0.0593710724759113,0.12750485739393064,0.36197298997798716,0.023383953286430392,2.0,2,0,0.9064857569944922,-0.012021935211811274,2022,1
2022-11-07,EX14_UNIQUE_FEASIBLE_10BP,61,2022-11-08,2,-0.0285503487338348,0.058030297861361546,0.2529053750094194,0.14149081366104835,1.0,3,1,0.610046583010669,-0.05342322000441147,2022,0
2022-11-11,EX14_UNIQUE_FEASIBLE_10BP,62,2022-11-14,2,0.0303799254180934,0.14909159047648643,0.3895511976703401,0.21618589320592924,1.0,2,1,0.7614508647763496,-0.05654568287189988,2022,0
2022-12-22,EX14_UNIQUE_FEASIBLE_10BP,63,2022-12-23,1,-0.010393392096862,0.027551744471273634,0.14832500078550018,0.17760926474080974,1.0,3,2,0.47761192577965955,-0.03471833227914474,2022,0
2023-01-09,EX14_UNIQUE_FEASIBLE_10BP,64,2023-01-10,1,-2.371515724608475e-05,0.060457366457780465,0.07999756295252149,0.15074860153503478,3.0,3,1,0.8988412943604627,-0.07428453223856597,2023,0
2023-01-16,EX14_UNIQUE_FEASIBLE_10BP,65,2023-01-17,2,0.0068165396919079,0.06489893170064881,0.20797340190974534,0.09678104101206278,1.0,2,1,0.6850434058957033,0.0575950153124171,2023,0
2023-01-30,EX14_UNIQUE_FEASIBLE_10BP,66,2023-01-31,1,-0.0124234739619353,0.07593091713731528,0.24365010765274103,0.21044418243391533,1.0,3,0,0.6408321049136525,-0.027692167358432718,2023,0
2023-02-14,EX14_UNIQUE_FEASIBLE_10BP,67,2023-02-15,3,-0.0372664584698965,0.03605260121870227,0.06318083617074491,0.22147048515911083,2.0,3,2,0.6338139867129772,0.036632039805987705,2023,0
2023-03-06,EX14_UNIQUE_FEASIBLE_10BP,68,2023-03-07,2,-0.0136252097417144,0.0860120402455892,0.15693185591102857,0.18371608502373496,2.0,3,2,0.629162351181688,0.04409506365811519,2023,0
2023-03-15,EX14_UNIQUE_FEASIBLE_10BP,69,2023-03-16,22,0.1256760817307693,0.1013987959061729,0.14555601108434987,0.3248656590404584,2.0,3,2,0.43181514247047964,0.0744232502542096,2023,1
2023-04-21,EX14_UNIQUE_FEASIBLE_10BP,70,2023-04-24,6,-0.0450456233906936,0.021094209561771965,0.08311990502183497,0.08489538802404825,3.0,3,1,0.5478461830864296,0.053883119514437826,2023,1
2023-06-16,EX14_UNIQUE_FEASIBLE_10BP,71,2023-06-19,1,-0.0010678976196215,0.027290356397857582,0.06709703747922763,0.08606816871426246,3.0,2,2,0.8968517044727845,0.018202252417881926,2023,0
2023-06-21,EX14_UNIQUE_FEASIBLE_10BP,72,2023-06-26,2,-0.0019980019980018,0.09326615994953052,0.19330274525897578,0.06597580355167294,1.0,3,1,0.5939406325267209,0.09843473732271603,2023,0
2023-06-28,EX14_UNIQUE_FEASIBLE_10BP,73,2023-06-29,1,-0.007811605869858,0.04352807146603305,0.18676766990735108,-0.04973808848349748,2.0,3,2,0.35820868931624966,0.04266211870710928,2023,0
2023-07-31,EX14_UNIQUE_FEASIBLE_10BP,74,2023-08-01,1,-0.0019980019980019,0.039123415194869726,0.18154780401610646,0.11729125874051115,2.0,1,1,1.0,-0.006216045921050156,2023,0
2023-08-11,EX14_UNIQUE_FEASIBLE_10BP,75,2023-08-14,1,9.864085494348808e-05,0.01432908050156359,0.29880897268209533,0.018046477657503973,1.0,3,0,0.6502448947878181,-0.006320044887451363,2023,0
2023-08-28,EX14_UNIQUE_FEASIBLE_10BP,76,2023-08-29,3,0.0735745323718597,0.15566793608486842,0.32913752099018306,0.271531538073043,2.0,3,2,0.5634580356495942,-0.04181611281114182,2023,0
2023-09-05,EX14_UNIQUE_FEASIBLE_10BP,77,2023-09-06,1,0.0011535832588465,0.030112582355882295,0.1665271671292171,0.16020307158166508,1.0,4,2,0.5152400088486696,0.003997348577382518,2023,0
2023-10-09,EX14_UNIQUE_FEASIBLE_10BP,78,2023-10-10,8,-0.0261255228288194,0.08915965102656428,0.18827407139991584,0.13152999339855972,1.0,2,1,0.9190450671534509,0.01594867784364578,2023,1
2023-10-25,EX14_UNIQUE_FEASIBLE_10BP,79,2023-10-26,1,0.0003121878121878,0.10420521517634154,0.12782649297420937,0.23223340358640293,3.0,3,2,0.7087318214479257,-0.012828550670283684,2023,0
2023-10-31,EX14_UNIQUE_FEASIBLE_10BP,80,2023-11-01,8,0.0168951315944634,0.018229476806309583,0.10539704984808859,0.18370468348703084,1.0,2,2,0.9691929650093862,-0.012216077161181917,2023,1
2023-11-13,EX14_UNIQUE_FEASIBLE_10BP,81,2023-11-14,1,0.0230883870228133,0.0012616450316097205,0.1507661513118647,-0.08506479270946057,2.0,2,1,0.6711176483028143,0.050758320952823115,2023,0
2023-11-15,EX14_UNIQUE_FEASIBLE_10BP,82,2023-11-16,2,-0.0128223186791515,0.2000461819407494,0.31545895721229195,0.3495506882210044,2.0,4,1,0.5039229749611834,0.08409345116069929,2023,0
2023-11-21,EX14_UNIQUE_FEASIBLE_10BP,83,2023-11-22,2,-0.011922883746088,0.0785616091208832,0.18531148605075454,0.09949836790142974,1.0,4,1,0.39312477764179027,0.04370210837112129,2023,0
2023-12-04,EX14_UNIQUE_FEASIBLE_10BP,84,2023-12-05,3,-0.0144588668992754,0.06428611323495625,0.1343173630833514,0.12257526781424909,2.0,3,2,0.6141953614635762,-0.00686790986764696,2023,0
2023-12-08,EX14_UNIQUE_FEASIBLE_10BP,85,2023-12-11,6,-0.0268914758710676,0.06983910920482958,0.1809727436667892,0.1238396710742852,2.0,3,2,0.8245394434911587,0.01622377818080673,2023,1
2023-12-22,EX14_UNIQUE_FEASIBLE_10BP,86,2023-12-25,1,-0.0100930355855036,0.06749478783389107,0.26752368675460897,0.21127544399959358,2.0,2,0,0.945849079978548,-0.017451060893136534,2023,0
2023-12-27,EX14_UNIQUE_FEASIBLE_10BP,87,2023-12-28,4,-0.0019980019980018,0.011810525324208343,0.023709340436290763,-0.055684262509682725,2.0,3,2,0.5874787374283108,0.05688087853104046,2023,1
2024-01-08,EX14_UNIQUE_FEASIBLE_10BP,88,2024-01-09,18,-0.1188251350144251,0.06652816209744908,0.07990637769325948,0.1525552150349114,2.0,3,2,0.4345206180925913,-0.0076536622603086794,2024,1
2024-02-02,EX14_UNIQUE_FEASIBLE_10BP,89,2024-02-05,2,0.0749948741215118,0.1732925589193067,0.34725055054368104,0.02399988359659813,2.0,3,1,0.6355986838982504,-0.03502799348422204,2024,0
2024-02-08,EX14_UNIQUE_FEASIBLE_10BP,90,2024-02-19,1,-0.0071159609621146,0.08700034502864312,0.14150220839838212,-0.002002724681311463,2.0,3,2,0.6980213883623436,-0.0625849463682006,2024,0
2024-02-28,EX14_UNIQUE_FEASIBLE_10BP,91,2024-02-29,5,0.05246149789297,0.22097542664003839,0.34078267146414326,0.29053205761961154,1.0,4,2,0.32244742536513643,0.09447327564163908,2024,1
2024-03-19,EX14_UNIQUE_FEASIBLE_10BP,92,2024-03-20,8,-0.0573089561041366,0.09264233816189138,0.2282038677605988,0.221556971245721,1.0,3,1,0.5164316939987573,0.03190319492260732,2024,1
2024-04-08,EX14_UNIQUE_FEASIBLE_10BP,93,2024-04-09,1,0.0151634080205509,0.10133210897158254,0.2649706303750752,0.1525566321987098,1.0,4,3,0.43026264546751863,0.01865514484552938,2024,0
2024-04-24,EX14_UNIQUE_FEASIBLE_10BP,94,2024-04-25,11,0.027160090905111,0.03521000901336646,0.03661780272482884,0.07751100916591376,2.0,2,2,0.7779526411229839,0.040695164759339535,2024,1
2024-05-15,EX14_UNIQUE_FEASIBLE_10BP,95,2024-05-16,2,0.0019004433066935,0.05463535109993181,0.14285413540297784,-0.022037830641477213,2.0,3,2,0.5047173182431143,0.06625293852175829,2024,0
2024-05-20,EX14_UNIQUE_FEASIBLE_10BP,96,2024-05-21,1,-0.0058913778029512,0.02455137512039987,0.1575956178251332,-0.03008397597953194,2.0,4,2,0.7229870608763711,0.06981459601478848,2024,0
2024-05-28,EX14_UNIQUE_FEASIBLE_10BP,97,2024-05-29,1,-0.0019980019980019,0.03337845918586879,0.047553583659348926,0.08430076257836687,3.0,3,2,0.44860900996262126,0.05251494127366416,2024,0
2024-06-03,EX14_UNIQUE_FEASIBLE_10BP,98,2024-06-04,9,0.0071102300567751,0.08563045396071586,0.25263372609615586,0.21607599134778752,1.0,3,1,0.6541640214041611,0.04753185911893352,2024,1
2024-06-28,EX14_UNIQUE_FEASIBLE_10BP,99,2024-07-01,1,-0.0088336321213031,0.029438426560884162,0.10729265444981718,0.10536740744663224,3.0,3,2,0.41878495810665767,-0.03654423251714457,2024,0
2024-07-02,EX14_UNIQUE_FEASIBLE_10BP,100,2024-07-03,6,0.0286240955697023,0.027006388561427175,0.1650325961994319,0.1048606164503602,2.0,3,1,0.4928320487242562,-0.025122082678066433,2024,1
2024-07-11,EX14_UNIQUE_FEASIBLE_10BP,101,2024-07-12,1,0.000728779417304,0.07732129633697749,0.2099574402409109,0.078546922691,2.0,2,0,0.895821762888767,-0.05525379163066389,2024,0
2024-07-17,EX14_UNIQUE_FEASIBLE_10BP,102,2024-07-18,1,0.0074171111906962,0.005765916500080043,0.03924035069699981,0.2167795045864281,3.0,2,1,0.8280688819014914,-0.020115959944724895,2024,0
2024-07-23,EX14_UNIQUE_FEASIBLE_10BP,103,2024-07-24,1,-0.0182037177977637,0.11276267607694077,0.34179857472904784,0.3105240775274009,1.0,3,1,0.48795775348901643,-0.07542400766205265,2024,0
2024-07-29,EX14_UNIQUE_FEASIBLE_10BP,104,2024-07-30,1,0.0021430851306372,0.032710806126651504,0.3103871480986713,0.1522793962427559,1.0,3,1,0.4369169824509993,-0.028189121611827826,2024,0
2024-08-01,EX14_UNIQUE_FEASIBLE_10BP,105,2024-08-02,1,-0.0139740259740258,0.19088233835021345,0.28165134685748094,0.15817153222356195,1.0,4,2,0.6149029221189217,0.035273046160393166,2024,0
2024-08-14,EX14_UNIQUE_FEASIBLE_10BP,106,2024-08-15,3,0.0035541648893526,0.007303215696800258,0.27988663624382915,0.044694715018156736,1.0,3,1,0.5547925475560287,0.019540382997665782,2024,0
2024-08-20,EX14_UNIQUE_FEASIBLE_10BP,107,2024-08-21,1,-0.0019980019980018,0.023342884658957716,0.14969640436749085,0.053325271328831275,2.0,3,2,0.584670571270582,-0.07359810742405283,2024,0
2024-08-26,EX14_UNIQUE_FEASIBLE_10BP,108,2024-08-27,1,-0.0134200563385111,0.00662805702518067,0.2700513045834701,0.22242067228823692,2.0,2,0,0.950100554757643,-0.027537257665231026,2024,0
2024-09-02,EX14_UNIQUE_FEASIBLE_10BP,109,2024-09-03,2,0.0052760650428287,0.1546498664365036,0.1933343248784201,0.3248092151890899,2.0,3,2,0.5373506822758135,-0.07004112131927526,2024,0
2024-09-12,EX14_UNIQUE_FEASIBLE_10BP,110,2024-09-13,5,-0.0197402597402597,0.0431347165622033,0.1694164082108701,0.2734643251218589,2.0,2,1,0.6453881997097678,-0.023615186421649143,2024,1
2024-09-25,EX14_UNIQUE_FEASIBLE_10BP,111,2024-09-26,4,0.5774870290999325,0.1507112999991666,0.1936242170755315,0.11331986695340569,2.0,4,2,0.46505181174856564,0.006195341036565563,2024,1
2024-10-09,EX14_UNIQUE_FEASIBLE_10BP,112,2024-10-10,11,-0.027239297667313,0.15780990299833308,0.3109524919868583,0.04514245074800144,2.0,3,1,0.5971042159955352,-0.060042573654697826,2024,1
2024-10-25,EX14_UNIQUE_FEASIBLE_10BP,113,2024-10-28,7,0.0048712349597308,0.0477803455590914,0.18028930012035677,0.053207354710517046,2.0,3,1,0.8171452053806875,0.11860728904823108,2024,1
2024-11-06,EX14_UNIQUE_FEASIBLE_10BP,114,2024-11-07,5,0.067102037428447,0.19926149556453837,0.3112180864676958,0.2128575563359261,2.0,4,1,0.679092745502736,0.000756872578735069,2024,1
2024-11-22,EX14_UNIQUE_FEASIBLE_10BP,115,2024-11-25,4,0.008032168836189,0.09741861964280268,0.24934350490034446,0.24032980344856597,1.0,4,2,0.38136447727974127,0.045525672914994805,2024,1
2024-12-02,EX14_UNIQUE_FEASIBLE_10BP,116,2024-12-03,3,-0.0125436523131046,0.0245841472288717,0.13001400225723075,0.058223313015963056,1.0,3,2,0.526502763418865,0.062485618790052,2024,0
2024-12-23,EX14_UNIQUE_FEASIBLE_10BP,117,2024-12-24,5,0.0174562279825436,0.16446269329305704,0.27190018480631356,0.46733850729079285,1.0,4,2,0.3628899336000661,0.052165889631091825,2024,1
2025-01-02,EX14_UNIQUE_FEASIBLE_10BP,118,2025-01-03,2,-0.0193102815551794,0.009365727022002862,0.04808783167451816,-0.03782673176199852,2.0,2,2,0.6609604472311869,0.08769901229815105,2025,0
2025-01-14,EX14_UNIQUE_FEASIBLE_10BP,119,2025-01-15,3,-0.0079740618662773,0.023303622743422014,0.37587269990388383,0.23411816944623268,2.0,2,1,0.5198027483979182,0.07687314429061662,2025,0
2025-01-20,EX14_UNIQUE_FEASIBLE_10BP,120,2025-01-21,9,0.0621306404438934,0.01733989504571802,0.18734287049188691,0.09651375208140563,2.0,2,0,0.8950751714496881,-0.012160653227454903,2025,1
2025-02-11,EX14_UNIQUE_FEASIBLE_10BP,121,2025-02-12,15,0.0522308958915254,0.1064288121886525,0.2361883856958345,0.06702188184019696,2.0,3,1,0.5581763435480772,0.09542779371093427,2025,1
2025-03-06,EX14_UNIQUE_FEASIBLE_10BP,122,2025-03-07,1,-0.0116109809629948,0.022149352705621073,0.3499719776431126,-0.10292607403086426,1.0,2,1,0.7922129557359451,-0.032596626819499375,2025,0
2025-04-03,EX14_UNIQUE_FEASIBLE_10BP,123,2025-04-07,3,0.020979020979021,0.004710814382034051,0.16165525470212475,0.3262478138787761,1.0,2,0,0.6756565818875111,-0.011846320634125,2025,0
2025-04-10,EX14_UNIQUE_FEASIBLE_10BP,124,2025-04-11,1,0.0315648742948448,0.09414049301295407,0.2933384222013817,0.14968638496203454,2.0,3,1,0.8536028541624351,-0.06762578815078457,2025,0
2025-04-14,EX14_UNIQUE_FEASIBLE_10BP,125,2025-04-15,1,-0.0029613243898956,0.007684602942978541,0.27711042709341815,0.20688253213140614,2.0,3,1,0.8378117810456669,-0.08878757699483723,2025,0
2025-04-23,EX14_UNIQUE_FEASIBLE_10BP,126,2025-04-24,4,-0.0125945483088339,0.12096530535292277,0.34571166086997407,0.2758419674478496,1.0,3,2,0.8082079936807075,0.032444052820424,2025,1
2025-05-13,EX14_UNIQUE_FEASIBLE_10BP,127,2025-05-14,3,-0.0184061586382671,0.09281204603967169,0.22450728739711442,0.1660078198480325,2.0,3,2,0.8317123141953653,-0.07373448974557016,2025,0
2025-06-09,EX14_UNIQUE_FEASIBLE_10BP,128,2025-06-10,3,-0.0301517548599258,0.09092613728083826,0.28073428557271835,0.13251381561526057,2.0,2,1,0.8874175786567953,0.021424042863518927,2025,0
2025-06-17,EX14_UNIQUE_FEASIBLE_10BP,129,2025-06-18,1,0.0010354387254083,0.03139050966496404,0.2515213857044801,0.1258604478312046,2.0,1,0,1.0,-0.013796924723010601,2025,0
2025-06-24,EX14_UNIQUE_FEASIBLE_10BP,130,2025-06-25,10,0.009918439769186,0.03836319384942734,0.24169663546032832,0.14123322021661477,1.0,1,0,1.0,-0.00645642720896868,2025,1
2025-07-23,EX14_UNIQUE_FEASIBLE_10BP,131,2025-07-24,8,0.026598043790021,0.006174567160861941,0.07448478092713394,0.10327486828681312,2.0,3,2,0.5748570416275022,-0.004214531105364067,2025,1
2025-08-05,EX14_UNIQUE_FEASIBLE_10BP,132,2025-08-06,1,0.0026181034506662,0.008833709846263638,0.17242811947541528,-0.1269212444947257,2.0,2,1,0.6284575432379252,0.05304879208910192,2025,0
2025-08-07,EX14_UNIQUE_FEASIBLE_10BP,133,2025-08-08,1,-0.012153433985071,0.12833492029543772,0.32100347699075316,0.29192932992458936,2.0,4,1,0.4375167641158502,0.07827837727475903,2025,0
2025-08-11,EX14_UNIQUE_FEASIBLE_10BP,134,2025-08-12,7,0.0954812629231234,0.04917419137370284,0.1392066181848249,0.2418427480690183,2.0,2,1,0.7239458741517818,0.046514910033532406,2025,1
2025-08-21,EX14_UNIQUE_FEASIBLE_10BP,135,2025-08-22,19,0.193573457660926,0.006250447448198956,0.14002635638552113,0.00834422814586204,2.0,2,1,0.6174648959783192,0.0796535625979116,2025,1
2025-09-18,EX14_UNIQUE_FEASIBLE_10BP,136,2025-09-19,2,0.0141327400638713,0.0654719083644037,0.1781305360286412,0.12531336322923456,2.0,4,1,0.4903999757793144,0.06742246160623479,2025,0
2025-09-29,EX14_UNIQUE_FEASIBLE_10BP,137,2025-09-30,1,0.0254339900936761,0.00813745954464283,0.15287590514440105,0.1745789484899577,1.0,3,1,0.5057262203923923,0.018121294030091627,2025,0
2025-10-09,EX14_UNIQUE_FEASIBLE_10BP,138,2025-10-10,2,-0.018094808417389,0.1504665190114016,0.27017119434559994,0.2952049646111598,2.0,4,1,0.49697583071550366,0.0019287313573378658,2025,0
2025-10-14,EX14_UNIQUE_FEASIBLE_10BP,139,2025-10-15,1,0.0069992420893947,0.06322538649974965,0.4208651577289648,-0.08724113251165194,2.0,3,1,0.5160826816964738,-0.06859883359176411,2025,0
2025-10-28,EX14_UNIQUE_FEASIBLE_10BP,140,2025-10-29,1,0.0120489430140906,0.018656773276670813,0.10031259876698961,0.3319858457239292,2.0,2,1,0.708284068028883,-0.020531955810329686,2025,0
2025-10-30,EX14_UNIQUE_FEASIBLE_10BP,141,2025-10-31,4,-0.0364351480724959,0.0036275326343463837,0.10566305213124784,0.08528335812466518,2.0,3,1,0.5740651747114073,-0.01222074854943454,2025,1
2025-11-11,EX14_UNIQUE_FEASIBLE_10BP,142,2025-11-12,1,-0.0019980019980018,0.0575648581639264,0.15376163927519731,0.18928167135911678,1.0,2,1,0.720379608463021,-0.017215350993470636,2025,0
2025-11-24,EX14_UNIQUE_FEASIBLE_10BP,143,2025-11-25,4,0.0160517703848526,0.0015686539017482903,0.12207155214010235,0.2443890698907903,2.0,2,1,0.7508831173864449,-0.09170437762364954,2025,1
2025-12-01,EX14_UNIQUE_FEASIBLE_10BP,144,2025-12-02,1,-0.0115729289161023,0.04300164145531224,0.12842598423822382,0.022994795060356593,2.0,3,3,0.6011911447201604,0.05171984610449721,2025,0
2025-12-11,EX14_UNIQUE_FEASIBLE_10BP,145,2025-12-12,1,0.0061338661338661,0.005693487022894725,0.23826404712373078,0.018228008709205976,1.0,3,1,0.5478160783732997,-0.043119682523009344,2025,0
2025-12-26,EX14_UNIQUE_FEASIBLE_10BP,146,2025-12-29,23,0.1077604114749053,0.026072656838667052,0.05189695298173879,0.12040210312771163,3.0,3,2,0.7903115024893249,0.015893253909918754,2025,1
2026-03-03,EX14_UNIQUE_FEASIBLE_10BP,147,2026-03-04,1,0.0285893721389089,0.14816823828957817,0.22970255882700838,0.16736182296761828,2.0,4,2,0.3600741347166314,0.07928147037672838,2026,0
2026-03-17,EX14_UNIQUE_FEASIBLE_10BP,148,2026-03-18,1,-0.0091934021277928,0.09463180720486833,0.33849538683070635,0.16576574773844804,1.0,4,2,0.3910141568164779,0.025928698136538843,2026,0
2026-04-01,EX14_UNIQUE_FEASIBLE_10BP,149,2026-04-02,2,-0.0247142841983509,0.028494537748495835,0.1687695429113286,0.3929131351678645,1.0,2,1,0.9608812931247784,-0.04418287094695834,2026,0
2026-04-08,EX14_UNIQUE_FEASIBLE_10BP,150,2026-04-09,10,0.0929802262159509,0.038292134276945625,0.14498481657307988,-0.02877642552861208,1.0,3,1,0.4259281022463426,0.04936243074518594,2026,1
2026-04-23,EX14_UNIQUE_FEASIBLE_10BP,151,2026-04-24,4,0.0476639924492687,0.26374414854034856,0.3636037240279385,0.10733907153535185,2.0,4,2,0.5316280940017951,0.07658652366415022,2026,1
2026-05-06,EX14_UNIQUE_FEASIBLE_10BP,152,2026-05-07,8,0.0167879179643886,0.2771876197714023,0.34400023360210136,0.16142505356445105,2.0,4,2,0.4665658955525525,0.10706261287106739,2026,1
2026-05-21,EX14_UNIQUE_FEASIBLE_10BP,153,2026-05-22,5,0.037085363615976,0.2998238197464218,0.47507639516553846,0.41993015009084494,2.0,4,2,0.5006444934115865,0.09711964732154306,2026,1
2026-05-29,EX14_UNIQUE_FEASIBLE_10BP,154,2026-06-01,2,-0.0349482638234736,0.17485722340117724,0.3135001951646028,0.17723032154047835,2.0,4,2,0.34043600306836735,0.06525685250216785,2026,0
2026-06-05,EX14_UNIQUE_FEASIBLE_10BP,155,2026-06-08,1,0.0101357608956393,0.037002158842914495,0.2606944483670096,0.2644761798266282,1.0,3,2,0.5628315342033811,0.022503422965025967,2026,0
2026-06-12,EX14_UNIQUE_FEASIBLE_10BP,156,2026-06-15,3,0.0866231852883043,0.0796606875649438,0.45947482905772175,0.2398074076331906,1.0,3,0,0.7312597972371073,-0.10319129417295991,2026,0
2026-06-22,EX14_UNIQUE_FEASIBLE_10BP,157,2026-06-23,2,0.0380030927976136,0.13183027512789977,0.312912415997878,0.058913827867035196,1.0,3,1,0.7796405747042956,0.04473524913408047,2026,0
2026-06-26,EX14_UNIQUE_FEASIBLE_10BP,158,2026-06-29,5,-0.0087185541730997,0.06719956166413246,0.08849347901201451,0.04562541458565998,2.0,3,3,0.4214977076816646,0.057414729346478205,2026,1
2026-07-10,EX14_UNIQUE_FEASIBLE_10BP,159,2026-07-13,2,-0.0072632403567653,0.14278427308495895,0.3458300116062395,0.27559285827360114,1.0,3,1,0.5682210893663359,-0.0634978964872005,2026,0
2026-07-22,EX14_UNIQUE_FEASIBLE_10BP,160,2026-07-23,1,-0.0612281625937086,0.04421747967751548,0.1905151025615871,0.16537144011113958,1.0,3,2,0.4431821719850106,-0.08066584029506012,2026,0
2026-07-31,EX14_UNIQUE_FEASIBLE_10BP,161,2026-08-03,4,0.0521288583445804,0.15270424923467726,0.3266789299268762,0.24612489959981676,1.0,3,2,0.7126097919666747,-0.06442470258963218,2026,1
2026-08-10,EX14_UNIQUE_FEASIBLE_10BP,162,2026-08-11,2,0.02305167735858,0.025987984779458684,0.06622146989947776,-0.06435026784707698,2.0,3,3,0.7215402673347932,0.011957168501579032,2026,0
2026-08-13,EX14_UNIQUE_FEASIBLE_10BP,163,2026-08-14,2,0.0301047710754256,0.06312634425971606,0.26175515434020324,0.03713835948025737,2.0,4,1,0.4902425450960496,0.017774578081645592,2026,0
2026-08-28,EX14_UNIQUE_FEASIBLE_10BP,164,2026-08-31,1,0.0303696303696301,0.02139771521324524,0.26261357845930566,0.38575491465030687,1.0,3,1,0.42150758851948195,-0.06368752522964462,2026,0
