mechanism,signal_date,event_date,signal_clock,execution_clock,moneyflow_breadth,prior_60_breadth_q80,observed_weight_ratio
CONSTITUENT_MONEYFLOW_BREADTH_CONTINUATION,2021-04-14,2021-04-15,TRADE_DATE_AFTER_19_00,NEXT_TRADING_SESSION_OPEN,0.5483324987481222,0.47734825991318797,0.9986497974696203
CONSTITUENT_MONEYFLOW_BREADTH_CONTINUATION,2021-04-16,2021-04-19,TRADE_DATE_AFTER_19_00,NEXT_TRADING_SESSION_OPEN,0.5850475713570356,0.4962208518924089,0.9986497974696203
CONSTITUENT_MONEYFLOW_BREADTH_CONTINUATION,2021-04-19,2021-04-20,TRADE_DATE_AFTER_19_00,NEXT_TRADING_SESSION_OPEN,0.608743114672008,0.49981156652877895,0.9986497974696203
CONSTITUENT_MONEYFLOW_BREADTH_CONTINUATION,2021-05-12,2021-05-13,TRADE_DATE_AFTER_19_00,NEXT_TRADING_SESSION_OPEN,0.5095688748685594,0.4999037388910965,0.998579957398722
CONSTITUENT_MONEYFLOW_BREADTH_CONTINUATION,2021-05-14,2021-05-17,TRADE_DATE_AFTER_19_00,NEXT_TRADING_SESSION_OPEN,0.541465124430424,0.5109222093896028,0.998579957398722
CONSTITUENT_MONEYFLOW_BREADTH_CONTINUATION,2021-05-25,2021-05-26,TRADE_DATE_AFTER_19_00,NEXT_TRADING_SESSION_OPEN,0.49422281012937297,0.47734825991318797,0.9979199375981279
CONSTITUENT_MONEYFLOW_BREADTH_CONTINUATION,2021-05-31,2021-06-01,TRADE_DATE_AFTER_19_00,NEXT_TRADING_SESSION_OPEN,0.5109080159135776,0.4770336645899772,0.9979199375981279
CONSTITUENT_MONEYFLOW_BREADTH_CONTINUATION,2021-06-17,2021-06-18,TRADE_DATE_AFTER_19_00,NEXT_TRADING_SESSION_OPEN,0.4607160392388701,0.4562563025004238,0.9979201455898087
CONSTITUENT_MONEYFLOW_BREADTH_CONTINUATION,2021-06-18,2021-06-21,TRADE_DATE_AFTER_19_00,NEXT_TRADING_SESSION_OPEN,0.47912564792863743,0.46135096018330557,0.9954103212775105
CONSTITUENT_MONEYFLOW_BREADTH_CONTINUATION,2021-06-21,2021-06-22,TRADE_DATE_AFTER_19_00,NEXT_TRADING_SESSION_OPEN,0.47345933447270533,0.46435525735485045,0.9946303758736887
CONSTITUENT_MONEYFLOW_BREADTH_CONTINUATION,2021-06-30,2021-07-01,TRADE_DATE_AFTER_19_00,NEXT_TRADING_SESSION_OPEN,0.4769891654817455,0.46135096018330557,0.9985900986930915
CONSTITUENT_MONEYFLOW_BREADTH_CONTINUATION,2021-07-07,2021-07-08,TRADE_DATE_AFTER_19_00,NEXT_TRADING_SESSION_OPEN,0.5097976293146673,0.46135096018330557,0.9972996759611154
CONSTITUENT_MONEYFLOW_BREADTH_CONTINUATION,2021-07-12,2021-07-13,TRADE_DATE_AFTER_19_00,NEXT_TRADING_SESSION_OPEN,0.4802242323351852,0.46435525735485045,0.9972996759611154
CONSTITUENT_MONEYFLOW_BREADTH_CONTINUATION,2021-07-21,2021-07-22,TRADE_DATE_AFTER_19_00,NEXT_TRADING_SESSION_OPEN,0.4653459378547533,0.45562138155598836,0.9955294635356242
CONSTITUENT_MONEYFLOW_BREADTH_CONTINUATION,2021-07-29,2021-07-30,TRADE_DATE_AFTER_19_00,NEXT_TRADING_SESSION_OPEN,0.5562674206420822,0.46135096018330557,0.9974996999639957
CONSTITUENT_MONEYFLOW_BREADTH_CONTINUATION,2021-08-02,2021-08-03,TRADE_DATE_AFTER_19_00,NEXT_TRADING_SESSION_OPEN,0.5110442069346179,0.46418170273978865,0.9963802533822631
CONSTITUENT_MONEYFLOW_BREADTH_CONTINUATION,2021-08-04,2021-08-05,TRADE_DATE_AFTER_19_00,NEXT_TRADING_SESSION_OPEN,0.5349784355518198,0.46551949246981517,0.9992600517963741
CONSTITUENT_MONEYFLOW_BREADTH_CONTINUATION,2021-08-23,2021-08-24,TRADE_DATE_AFTER_19_00,NEXT_TRADING_SESSION_OPEN,0.6144857005527518,0.4610768090561317,0.9985701000929935
CONSTITUENT_MONEYFLOW_BREADTH_CONTINUATION,2021-09-06,2021-09-07,TRADE_DATE_AFTER_19_00,NEXT_TRADING_SESSION_OPEN,0.5318852352156603,0.4561807721736786,0.9972298337900274
CONSTITUENT_MONEYFLOW_BREADTH_CONTINUATION,2021-09-07,2021-09-08,TRADE_DATE_AFTER_19_00,NEXT_TRADING_SESSION_OPEN,0.4642545727887747,0.4610768090561317,0.9978098685921156
CONSTITUENT_MONEYFLOW_BREADTH_CONTINUATION,2021-09-22,2021-09-23,TRADE_DATE_AFTER_19_00,NEXT_TRADING_SESSION_OPEN,0.46963697033046553,0.4538720913561959,0.9950197011820708
CONSTITUENT_MONEYFLOW_BREADTH_CONTINUATION,2021-09-23,2021-09-24,TRADE_DATE_AFTER_19_00,NEXT_TRADING_SESSION_OPEN,0.46006717483558257,0.45654154199094016,0.9944796687801267
CONSTITUENT_MONEYFLOW_BREADTH_CONTINUATION,2021-09-30,2021-10-08,TRADE_DATE_AFTER_19_00,NEXT_TRADING_SESSION_OPEN,0.6528704671544585,0.4560509992930211,0.9950197011820708
CONSTITUENT_MONEYFLOW_BREADTH_CONTINUATION,2021-10-13,2021-10-14,TRADE_DATE_AFTER_19_00,NEXT_TRADING_SESSION_OPEN,0.531644682852625,0.4560509992930211,0.999259970398816
CONSTITUENT_MONEYFLOW_BREADTH_CONTINUATION,2021-10-14,2021-10-15,TRADE_DATE_AFTER_19_00,NEXT_TRADING_SESSION_OPEN,0.45810732371249574,0.4560509992930211,0.999259970398816
CONSTITUENT_MONEYFLOW_BREADTH_CONTINUATION,2021-10-18,2021-10-19,TRADE_DATE_AFTER_19_00,NEXT_TRADING_SESSION_OPEN,0.49626708832889654,0.4584992939371131,0.999259970398816
CONSTITUENT_MONEYFLOW_BREADTH_CONTINUATION,2021-10-19,2021-10-20,TRADE_DATE_AFTER_19_00,NEXT_TRADING_SESSION_OPEN,0.4899521626868958,0.46055771753350166,0.999259970398816
CONSTITUENT_MONEYFLOW_BREADTH_CONTINUATION,2021-10-25,2021-10-26,TRADE_DATE_AFTER_19_00,NEXT_TRADING_SESSION_OPEN,0.5220353929093934,0.46055771753350166,0.9979799191967679
CONSTITUENT_MONEYFLOW_BREADTH_CONTINUATION,2021-10-29,2021-11-01,TRADE_DATE_AFTER_19_00,NEXT_TRADING_SESSION_OPEN,0.5863173275154621,0.46286682521789724,0.999259970398816
CONSTITUENT_MONEYFLOW_BREADTH_CONTINUATION,2021-11-01,2021-11-02,TRADE_DATE_AFTER_19_00,NEXT_TRADING_SESSION_OPEN,0.5110922099364587,0.46533105229711286,0.999330013399732
CONSTITUENT_MONEYFLOW_BREADTH_CONTINUATION,2021-11-04,2021-11-05,TRADE_DATE_AFTER_19_00,NEXT_TRADING_SESSION_OPEN,0.5211787661980287,0.46286682521789724,0.999330013399732
CONSTITUENT_MONEYFLOW_BREADTH_CONTINUATION,2021-11-09,2021-11-10,TRADE_DATE_AFTER_19_00,NEXT_TRADING_SESSION_OPEN,0.5469826205349991,0.46286682521789724,0.9988600227995441
CONSTITUENT_MONEYFLOW_BREADTH_CONTINUATION,2021-11-11,2021-11-12,TRADE_DATE_AFTER_19_00,NEXT_TRADING_SESSION_OPEN,0.4758680781595842,0.46533105229711286,0.99845003099938
CONSTITUENT_MONEYFLOW_BREADTH_CONTINUATION,2021-11-12,2021-11-15,TRADE_DATE_AFTER_19_00,NEXT_TRADING_SESSION_OPEN,0.5438120324095868,0.4708831918962893,0.99845003099938
CONSTITUENT_MONEYFLOW_BREADTH_CONTINUATION,2021-11-17,2021-11-18,TRADE_DATE_AFTER_19_00,NEXT_TRADING_SESSION_OPEN,0.5687401724638698,0.4786848950650466,0.99845003099938
CONSTITUENT_MONEYFLOW_BREADTH_CONTINUATION,2021-11-19,2021-11-22,TRADE_DATE_AFTER_19_00,NEXT_TRADING_SESSION_OPEN,0.5017677045880197,0.49121514781529596,0.99845003099938
CONSTITUENT_MONEYFLOW_BREADTH_CONTINUATION,2021-12-08,2021-12-09,TRADE_DATE_AFTER_19_00,NEXT_TRADING_SESSION_OPEN,0.5528586299395444,0.49121514781529596,0.9992298844826725
CONSTITUENT_MONEYFLOW_BREADTH_CONTINUATION,2021-12-21,2021-12-22,TRADE_DATE_AFTER_19_00,NEXT_TRADING_SESSION_OPEN,0.5544901309204469,0.49121514781529596,0.9992298844826725
CONSTITUENT_MONEYFLOW_BREADTH_CONTINUATION,2021-12-28,2021-12-29,TRADE_DATE_AFTER_19_00,NEXT_TRADING_SESSION_OPEN,0.5076870721063378,0.49736721158072117,0.9992298844826725
CONSTITUENT_MONEYFLOW_BREADTH_CONTINUATION,2021-12-31,2022-01-04,TRADE_DATE_AFTER_19_00,NEXT_TRADING_SESSION_OPEN,0.5021591239267,0.49736721158072117,0.9982397359603941
CONSTITUENT_MONEYFLOW_BREADTH_CONTINUATION,2022-01-06,2022-01-07,TRADE_DATE_AFTER_19_00,NEXT_TRADING_SESSION_OPEN,0.5451657513929531,0.5018459884557558,0.9979698172835555
CONSTITUENT_MONEYFLOW_BREADTH_CONTINUATION,2022-01-10,2022-01-11,TRADE_DATE_AFTER_19_00,NEXT_TRADING_SESSION_OPEN,0.525250494959951,0.5018459884557558,0.9951195607604685
CONSTITUENT_MONEYFLOW_BREADTH_CONTINUATION,2022-01-12,2022-01-13,TRADE_DATE_AFTER_19_00,NEXT_TRADING_SESSION_OPEN,0.5888465674401777,0.5032647135626276,0.9951195607604685
CONSTITUENT_MONEYFLOW_BREADTH_CONTINUATION,2022-01-17,2022-01-18,TRADE_DATE_AFTER_19_00,NEXT_TRADING_SESSION_OPEN,0.5685697646397301,0.508368099672362,0.9960096408676781
CONSTITUENT_MONEYFLOW_BREADTH_CONTINUATION,2022-01-24,2022-01-25,TRADE_DATE_AFTER_19_00,NEXT_TRADING_SESSION_OPEN,0.5140912730184147,0.508368099672362,0.9992899360942485
CONSTITUENT_MONEYFLOW_BREADTH_CONTINUATION,2022-02-09,2022-02-10,TRADE_DATE_AFTER_19_00,NEXT_TRADING_SESSION_OPEN,0.6065320998037567,0.5018459884557558,0.998750012499875
CONSTITUENT_MONEYFLOW_BREADTH_CONTINUATION,2022-02-15,2022-02-16,TRADE_DATE_AFTER_19_00,NEXT_TRADING_SESSION_OPEN,0.515181891997554,0.4895249732090099,0.997560024399756
CONSTITUENT_MONEYFLOW_BREADTH_CONTINUATION,2022-02-23,2022-02-24,TRADE_DATE_AFTER_19_00,NEXT_TRADING_SESSION_OPEN,0.6683210919206676,0.4815881373192111,0.9993300066999329
CONSTITUENT_MONEYFLOW_BREADTH_CONTINUATION,2022-02-25,2022-02-28,TRADE_DATE_AFTER_19_00,NEXT_TRADING_SESSION_OPEN,0.49972982168231034,0.4883006542496168,0.9993300066999329
CONSTITUENT_MONEYFLOW_BREADTH_CONTINUATION,2022-03-10,2022-03-11,TRADE_DATE_AFTER_19_00,NEXT_TRADING_SESSION_OPEN,0.5123706387493244,0.5002156821311883,0.9993398679735946
CONSTITUENT_MONEYFLOW_BREADTH_CONTINUATION,2022-03-11,2022-03-14,TRADE_DATE_AFTER_19_00,NEXT_TRADING_SESSION_OPEN,0.5238204856176312,0.5002156821311883,0.9993398679735946
CONSTITUENT_MONEYFLOW_BREADTH_CONTINUATION,2022-03-16,2022-03-17,TRADE_DATE_AFTER_19_00,NEXT_TRADING_SESSION_OPEN,0.6564545509137858,0.5032647135626276,0.9993398679735946
CONSTITUENT_MONEYFLOW_BREADTH_CONTINUATION,2022-03-17,2022-03-18,TRADE_DATE_AFTER_19_00,NEXT_TRADING_SESSION_OPEN,0.5188762335608623,0.5086237854349351,0.9993398679735946
CONSTITUENT_MONEYFLOW_BREADTH_CONTINUATION,2022-03-30,2022-03-31,TRADE_DATE_AFTER_19_00,NEXT_TRADING_SESSION_OPEN,0.6713173329062994,0.5086237854349351,0.9993398679735946
CONSTITUENT_MONEYFLOW_BREADTH_CONTINUATION,2022-04-12,2022-04-13,TRADE_DATE_AFTER_19_00,NEXT_TRADING_SESSION_OPEN,0.5577079097346728,0.5022579850957132,0.998419952598578
CONSTITUENT_MONEYFLOW_BREADTH_CONTINUATION,2022-04-18,2022-04-19,TRADE_DATE_AFTER_19_00,NEXT_TRADING_SESSION_OPEN,0.5265685468508753,0.48771944953373175,0.997449923497705
CONSTITUENT_MONEYFLOW_BREADTH_CONTINUATION,2022-04-27,2022-04-28,TRADE_DATE_AFTER_19_00,NEXT_TRADING_SESSION_OPEN,0.8005396534538829,0.48771944953373175,0.9932597977939338
CONSTITUENT_MONEYFLOW_BREADTH_CONTINUATION,2022-04-29,2022-05-05,TRADE_DATE_AFTER_19_00,NEXT_TRADING_SESSION_OPEN,0.7949048564031792,0.48771944953373175,0.9927397821934658
CONSTITUENT_MONEYFLOW_BREADTH_CONTINUATION,2022-05-05,2022-05-06,TRADE_DATE_AFTER_19_00,NEXT_TRADING_SESSION_OPEN,0.5376633863234923,0.5022579850957132,0.9908490849084909
CONSTITUENT_MONEYFLOW_BREADTH_CONTINUATION,2022-05-10,2022-05-11,TRADE_DATE_AFTER_19_00,NEXT_TRADING_SESSION_OPEN,0.6938987076774428,0.5129328893989703,0.9936593659365937
CONSTITUENT_MONEYFLOW_BREADTH_CONTINUATION,2022-05-19,2022-05-20,TRADE_DATE_AFTER_19_00,NEXT_TRADING_SESSION_OPEN,0.5762557169220894,0.5022579850957132,0.9971397139713971
CONSTITUENT_MONEYFLOW_BREADTH_CONTINUATION,2022-05-20,2022-05-23,TRADE_DATE_AFTER_19_00,NEXT_TRADING_SESSION_OPEN,0.5594559897295996,0.513671757711632,0.9971397139713971
CONSTITUENT_MONEYFLOW_BREADTH_CONTINUATION,2022-05-23,2022-05-24,TRADE_DATE_AFTER_19_00,NEXT_TRADING_SESSION_OPEN,0.5389954264623286,0.5198650839722161,0.9971397139713971
CONSTITUENT_MONEYFLOW_BREADTH_CONTINUATION,2022-05-25,2022-05-26,TRADE_DATE_AFTER_19_00,NEXT_TRADING_SESSION_OPEN,0.5843396453502367,0.52437009786428,0.9971397139713971
CONSTITUENT_MONEYFLOW_BREADTH_CONTINUATION,2022-05-30,2022-05-31,TRADE_DATE_AFTER_19_00,NEXT_TRADING_SESSION_OPEN,0.5287221688290886,0.52437009786428,0.9989798979897991
CONSTITUENT_MONEYFLOW_BREADTH_CONTINUATION,2022-05-31,2022-06-01,TRADE_DATE_AFTER_19_00,NEXT_TRADING_SESSION_OPEN,0.6118115593980147,0.5269992712465179,0.9994599459945995
CONSTITUENT_MONEYFLOW_BREADTH_CONTINUATION,2022-06-02,2022-06-06,TRADE_DATE_AFTER_19_00,NEXT_TRADING_SESSION_OPEN,0.5642539142614177,0.5305104123279694,0.9994200753901992
CONSTITUENT_MONEYFLOW_BREADTH_CONTINUATION,2022-06-06,2022-06-07,TRADE_DATE_AFTER_19_00,NEXT_TRADING_SESSION_OPEN,0.6473112900805362,0.5379297943512595,0.9994200753901992
CONSTITUENT_MONEYFLOW_BREADTH_CONTINUATION,2022-06-10,2022-06-13,TRADE_DATE_AFTER_19_00,NEXT_TRADING_SESSION_OPEN,0.6964688204357626,0.5427379231167975,0.9981202443682321
CONSTITUENT_MONEYFLOW_BREADTH_CONTINUATION,2022-06-23,2022-06-24,TRADE_DATE_AFTER_19_00,NEXT_TRADING_SESSION_OPEN,0.6588243549389523,0.5427379231167975,0.9974503314569105
CONSTITUENT_MONEYFLOW_BREADTH_CONTINUATION,2022-06-28,2022-06-29,TRADE_DATE_AFTER_19_00,NEXT_TRADING_SESSION_OPEN,0.5632834087541548,0.5580575257336582,0.9987101676782018
CONSTITUENT_MONEYFLOW_BREADTH_CONTINUATION,2022-07-18,2022-07-19,TRADE_DATE_AFTER_19_00,NEXT_TRADING_SESSION_OPEN,0.5609809809809809,0.5430875391157829,0.9990399615984641
CONSTITUENT_MONEYFLOW_BREADTH_CONTINUATION,2022-07-26,2022-07-27,TRADE_DATE_AFTER_19_00,NEXT_TRADING_SESSION_OPEN,0.6340350596333947,0.559760987979876,0.9994799791991681
CONSTITUENT_MONEYFLOW_BREADTH_CONTINUATION,2022-07-28,2022-07-29,TRADE_DATE_AFTER_19_00,NEXT_TRADING_SESSION_OPEN,0.5700797965538301,0.559760987979876,0.9988299531981281
CONSTITUENT_MONEYFLOW_BREADTH_CONTINUATION,2022-08-05,2022-08-08,TRADE_DATE_AFTER_19_00,NEXT_TRADING_SESSION_OPEN,0.6350894393533154,0.5592485002817462,0.9994700476957075
CONSTITUENT_MONEYFLOW_BREADTH_CONTINUATION,2022-08-11,2022-08-12,TRADE_DATE_AFTER_19_00,NEXT_TRADING_SESSION_OPEN,0.6318480131257753,0.559760987979876,0.9994700476957075
CONSTITUENT_MONEYFLOW_BREADTH_CONTINUATION,2022-08-29,2022-08-30,TRADE_DATE_AFTER_19_00,NEXT_TRADING_SESSION_OPEN,0.5797350834367121,0.5496522248161021,0.9994700476957075
CONSTITUENT_MONEYFLOW_BREADTH_CONTINUATION,2022-09-06,2022-09-07,TRADE_DATE_AFTER_19_00,NEXT_TRADING_SESSION_OPEN,0.6287840893175133,0.5190531745320458,0.9995100342975991
CONSTITUENT_MONEYFLOW_BREADTH_CONTINUATION,2022-09-21,2022-09-22,TRADE_DATE_AFTER_19_00,NEXT_TRADING_SESSION_OPEN,0.6022165268405983,0.5178529866953462,0.9987900846940713
CONSTITUENT_MONEYFLOW_BREADTH_CONTINUATION,2022-09-27,2022-09-28,TRADE_DATE_AFTER_19_00,NEXT_TRADING_SESSION_OPEN,0.7163065895120438,0.5178529866953462,0.9987900846940713
CONSTITUENT_MONEYFLOW_BREADTH_CONTINUATION,2022-10-12,2022-10-13,TRADE_DATE_AFTER_19_00,NEXT_TRADING_SESSION_OPEN,0.6872028427005655,0.5496522248161021,0.9991099465967959
CONSTITUENT_MONEYFLOW_BREADTH_CONTINUATION,2022-10-14,2022-10-17,TRADE_DATE_AFTER_19_00,NEXT_TRADING_SESSION_OPEN,0.7806516190380862,0.5521993502566555,0.9991099465967959
CONSTITUENT_MONEYFLOW_BREADTH_CONTINUATION,2022-10-26,2022-10-27,TRADE_DATE_AFTER_19_00,NEXT_TRADING_SESSION_OPEN,0.7627225761147615,0.5496522248161021,0.9969098145888754
CONSTITUENT_MONEYFLOW_BREADTH_CONTINUATION,2022-11-01,2022-11-02,TRADE_DATE_AFTER_19_00,NEXT_TRADING_SESSION_OPEN,0.7178757800058093,0.5248557582926756,0.99839
CONSTITUENT_MONEYFLOW_BREADTH_CONTINUATION,2022-11-03,2022-11-04,TRADE_DATE_AFTER_19_00,NEXT_TRADING_SESSION_OPEN,0.5400895441661074,0.5361488510974703,0.99839
CONSTITUENT_MONEYFLOW_BREADTH_CONTINUATION,2022-11-04,2022-11-07,TRADE_DATE_AFTER_19_00,NEXT_TRADING_SESSION_OPEN,0.7335910816414427,0.5403956885056976,0.99839
CONSTITUENT_MONEYFLOW_BREADTH_CONTINUATION,2022-11-15,2022-11-16,TRADE_DATE_AFTER_19_00,NEXT_TRADING_SESSION_OPEN,0.6924155474766898,0.5358427067578803,0.99849
CONSTITUENT_MONEYFLOW_BREADTH_CONTINUATION,2022-11-29,2022-11-30,TRADE_DATE_AFTER_19_00,NEXT_TRADING_SESSION_OPEN,0.632024973235815,0.5358427067578803,0.9994700000000001
CONSTITUENT_MONEYFLOW_BREADTH_CONTINUATION,2022-12-26,2022-12-27,TRADE_DATE_AFTER_19_00,NEXT_TRADING_SESSION_OPEN,0.6300719337968622,0.5234879046010287,0.9981599631992639
CONSTITUENT_MONEYFLOW_BREADTH_CONTINUATION,2023-01-03,2023-01-04,TRADE_DATE_AFTER_19_00,NEXT_TRADING_SESSION_OPEN,0.7254890189604283,0.5234879046010287,0.9995099705982359
CONSTITUENT_MONEYFLOW_BREADTH_CONTINUATION,2023-01-05,2023-01-06,TRADE_DATE_AFTER_19_00,NEXT_TRADING_SESSION_OPEN,0.546770723898144,0.5348495210279034,0.9995099705982359
CONSTITUENT_MONEYFLOW_BREADTH_CONTINUATION,2023-01-16,2023-01-17,TRADE_DATE_AFTER_19_00,NEXT_TRADING_SESSION_OPEN,0.6674370903997199,0.4974094235182283,0.9995099705982359
CONSTITUENT_MONEYFLOW_BREADTH_CONTINUATION,2023-01-19,2023-01-20,TRADE_DATE_AFTER_19_00,NEXT_TRADING_SESSION_OPEN,0.6925556623418228,0.5106973683957441,0.9989399363961838
CONSTITUENT_MONEYFLOW_BREADTH_CONTINUATION,2023-01-20,2023-01-30,TRADE_DATE_AFTER_19_00,NEXT_TRADING_SESSION_OPEN,0.6487465961877303,0.5106973683957441,0.9989399363961838
CONSTITUENT_MONEYFLOW_BREADTH_CONTINUATION,2023-02-01,2023-02-02,TRADE_DATE_AFTER_19_00,NEXT_TRADING_SESSION_OPEN,0.6125180172966047,0.5348495210279034,0.9989500944914957
CONSTITUENT_MONEYFLOW_BREADTH_CONTINUATION,2023-02-09,2023-02-10,TRADE_DATE_AFTER_19_00,NEXT_TRADING_SESSION_OPEN,0.8026650127048278,0.49092619088116707,0.9995300422961934
CONSTITUENT_MONEYFLOW_BREADTH_CONTINUATION,2023-03-01,2023-03-02,TRADE_DATE_AFTER_19_00,NEXT_TRADING_SESSION_OPEN,0.5004109451739001,0.49025365714077107,0.9977299318979569
CONSTITUENT_MONEYFLOW_BREADTH_CONTINUATION,2023-03-21,2023-03-22,TRADE_DATE_AFTER_19_00,NEXT_TRADING_SESSION_OPEN,0.6349910209978229,0.4821769430277189,0.9967999039971199
CONSTITUENT_MONEYFLOW_BREADTH_CONTINUATION,2023-03-31,2023-04-03,TRADE_DATE_AFTER_19_00,NEXT_TRADING_SESSION_OPEN,0.5233136213290568,0.4818871171044997,0.9977299318979569
CONSTITUENT_MONEYFLOW_BREADTH_CONTINUATION,2023-04-26,2023-04-27,TRADE_DATE_AFTER_19_00,NEXT_TRADING_SESSION_OPEN,0.611474161087279,0.45555790047856176,0.9978098028822595
CONSTITUENT_MONEYFLOW_BREADTH_CONTINUATION,2023-04-27,2023-04-28,TRADE_DATE_AFTER_19_00,NEXT_TRADING_SESSION_OPEN,0.5517680311109329,0.45555790047856176,0.9978098028822595
CONSTITUENT_MONEYFLOW_BREADTH_CONTINUATION,2023-04-28,2023-05-04,TRADE_DATE_AFTER_19_00,NEXT_TRADING_SESSION_OPEN,0.563422391219287,0.45555790047856176,0.9968197137742397
CONSTITUENT_MONEYFLOW_BREADTH_CONTINUATION,2023-05-15,2023-05-16,TRADE_DATE_AFTER_19_00,NEXT_TRADING_SESSION_OPEN,0.4552820193206606,0.449695111971663,0.994770104597908
CONSTITUENT_MONEYFLOW_BREADTH_CONTINUATION,2023-05-17,2023-05-18,TRADE_DATE_AFTER_19_00,NEXT_TRADING_SESSION_OPEN,0.4982659656811991,0.45247967739324907,0.994770104597908
CONSTITUENT_MONEYFLOW_BREADTH_CONTINUATION,2023-05-19,2023-05-22,TRADE_DATE_AFTER_19_00,NEXT_TRADING_SESSION_OPEN,0.4686944558810239,0.45836024240597323,0.995810083798324
CONSTITUENT_MONEYFLOW_BREADTH_CONTINUATION,2023-05-26,2023-05-29,TRADE_DATE_AFTER_19_00,NEXT_TRADING_SESSION_OPEN,0.48598430884684063,0.4579645066327333,0.9967200655986881
CONSTITUENT_MONEYFLOW_BREADTH_CONTINUATION,2023-05-30,2023-05-31,TRADE_DATE_AFTER_19_00,NEXT_TRADING_SESSION_OPEN,0.4730320845957822,0.4579645066327333,0.9967200655986881
CONSTITUENT_MONEYFLOW_BREADTH_CONTINUATION,2023-06-01,2023-06-02,TRADE_DATE_AFTER_19_00,NEXT_TRADING_SESSION_OPEN,0.4771836239484213,0.4579645066327333,0.9973099999999999
CONSTITUENT_MONEYFLOW_BREADTH_CONTINUATION,2023-06-02,2023-06-05,TRADE_DATE_AFTER_19_00,NEXT_TRADING_SESSION_OPEN,0.4950717429886395,0.46909019165426386,0.9973099999999999
CONSTITUENT_MONEYFLOW_BREADTH_CONTINUATION,2023-06-12,2023-06-13,TRADE_DATE_AFTER_19_00,NEXT_TRADING_SESSION_OPEN,0.5032162891750043,0.47114492471693536,0.99649
CONSTITUENT_MONEYFLOW_BREADTH_CONTINUATION,2023-06-15,2023-06-16,TRADE_DATE_AFTER_19_00,NEXT_TRADING_SESSION_OPEN,0.4976752593366204,0.47309952406920086,0.9958100000000001
CONSTITUENT_MONEYFLOW_BREADTH_CONTINUATION,2023-06-16,2023-06-19,TRADE_DATE_AFTER_19_00,NEXT_TRADING_SESSION_OPEN,0.5126895402864052,0.47309952406920086,0.99649
CONSTITUENT_MONEYFLOW_BREADTH_CONTINUATION,2023-06-27,2023-06-28,TRADE_DATE_AFTER_19_00,NEXT_TRADING_SESSION_OPEN,0.5798270255031664,0.47309952406920086,0.9932099999999999
CONSTITUENT_MONEYFLOW_BREADTH_CONTINUATION,2023-06-30,2023-07-03,TRADE_DATE_AFTER_19_00,NEXT_TRADING_SESSION_OPEN,0.6917123184399658,0.4741321503599845,0.99485
CONSTITUENT_MONEYFLOW_BREADTH_CONTINUATION,2023-07-11,2023-07-12,TRADE_DATE_AFTER_19_00,NEXT_TRADING_SESSION_OPEN,0.573394265556257,0.47386239246631007,0.997820021799782
CONSTITUENT_MONEYFLOW_BREADTH_CONTINUATION,2023-07-13,2023-07-14,TRADE_DATE_AFTER_19_00,NEXT_TRADING_SESSION_OPEN,0.6310593988956035,0.4789437609281052,0.997820021799782
CONSTITUENT_MONEYFLOW_BREADTH_CONTINUATION,2023-07-25,2023-07-26,TRADE_DATE_AFTER_19_00,NEXT_TRADING_SESSION_OPEN,0.6505817624244611,0.48780179567520043,0.997820021799782
CONSTITUENT_MONEYFLOW_BREADTH_CONTINUATION,2023-07-28,2023-07-31,TRADE_DATE_AFTER_19_00,NEXT_TRADING_SESSION_OPEN,0.6392271228565988,0.4789437609281052,0.997820021799782
CONSTITUENT_MONEYFLOW_BREADTH_CONTINUATION,2023-07-31,2023-08-01,TRADE_DATE_AFTER_19_00,NEXT_TRADING_SESSION_OPEN,0.5158794584247818,0.4789437609281052,0.997820021799782
CONSTITUENT_MONEYFLOW_BREADTH_CONTINUATION,2023-08-14,2023-08-15,TRADE_DATE_AFTER_19_00,NEXT_TRADING_SESSION_OPEN,0.5149084638366986,0.4789437609281052,0.9974898242877003
CONSTITUENT_MONEYFLOW_BREADTH_CONTINUATION,2023-08-17,2023-08-18,TRADE_DATE_AFTER_19_00,NEXT_TRADING_SESSION_OPEN,0.6611257043171381,0.48780179567520043,0.9974898242877003
CONSTITUENT_MONEYFLOW_BREADTH_CONTINUATION,2023-08-29,2023-08-30,TRADE_DATE_AFTER_19_00,NEXT_TRADING_SESSION_OPEN,0.8325579996390687,0.4955924462582357,0.9974898242877003
CONSTITUENT_MONEYFLOW_BREADTH_CONTINUATION,2023-09-04,2023-09-05,TRADE_DATE_AFTER_19_00,NEXT_TRADING_SESSION_OPEN,0.600474921347414,0.4987834653042972,0.9979202911592377
CONSTITUENT_MONEYFLOW_BREADTH_CONTINUATION,2023-09-11,2023-09-12,TRADE_DATE_AFTER_19_00,NEXT_TRADING_SESSION_OPEN,0.5833517133519138,0.5006781155265774,0.9973203751474794
CONSTITUENT_MONEYFLOW_BREADTH_CONTINUATION,2023-09-18,2023-09-19,TRADE_DATE_AFTER_19_00,NEXT_TRADING_SESSION_OPEN,0.5280945033364728,0.4889224177738525,0.9979202911592377
CONSTITUENT_MONEYFLOW_BREADTH_CONTINUATION,2023-09-22,2023-09-25,TRADE_DATE_AFTER_19_00,NEXT_TRADING_SESSION_OPEN,0.8008235977796927,0.4889224177738525,0.9979202911592377
CONSTITUENT_MONEYFLOW_BREADTH_CONTINUATION,2023-09-27,2023-09-28,TRADE_DATE_AFTER_19_00,NEXT_TRADING_SESSION_OPEN,0.5334949802617077,0.4889224177738525,0.9979202911592377
CONSTITUENT_MONEYFLOW_BREADTH_CONTINUATION,2023-10-12,2023-10-13,TRADE_DATE_AFTER_19_00,NEXT_TRADING_SESSION_OPEN,0.5057015170644703,0.49545509116022196,0.9979201247925125
CONSTITUENT_MONEYFLOW_BREADTH_CONTINUATION,2023-10-24,2023-10-25,TRADE_DATE_AFTER_19_00,NEXT_TRADING_SESSION_OPEN,0.5792500851720476,0.4936137018057763,0.9979201247925125
CONSTITUENT_MONEYFLOW_BREADTH_CONTINUATION,2023-10-26,2023-10-27,TRADE_DATE_AFTER_19_00,NEXT_TRADING_SESSION_OPEN,0.5327962484218121,0.4936137018057763,0.9979201247925125
CONSTITUENT_MONEYFLOW_BREADTH_CONTINUATION,2023-10-27,2023-10-30,TRADE_DATE_AFTER_19_00,NEXT_TRADING_SESSION_OPEN,0.6945830577767089,0.507542906418916,0.9979201247925125
CONSTITUENT_MONEYFLOW_BREADTH_CONTINUATION,2023-10-30,2023-10-31,TRADE_DATE_AFTER_19_00,NEXT_TRADING_SESSION_OPEN,0.5808833844365618,0.5151026627543153,0.9979201247925125
CONSTITUENT_MONEYFLOW_BREADTH_CONTINUATION,2023-11-03,2023-11-06,TRADE_DATE_AFTER_19_00,NEXT_TRADING_SESSION_OPEN,0.7158406414432473,0.507542906418916,0.9977599775997761
CONSTITUENT_MONEYFLOW_BREADTH_CONTINUATION,2023-11-06,2023-11-07,TRADE_DATE_AFTER_19_00,NEXT_TRADING_SESSION_OPEN,0.6771936857930342,0.5175456717366536,0.9977599775997761
CONSTITUENT_MONEYFLOW_BREADTH_CONTINUATION,2023-11-20,2023-11-21,TRADE_DATE_AFTER_19_00,NEXT_TRADING_SESSION_OPEN,0.533717105263158,0.5269282716557413,0.997129971299713
CONSTITUENT_MONEYFLOW_BREADTH_CONTINUATION,2023-11-23,2023-11-24,TRADE_DATE_AFTER_19_00,NEXT_TRADING_SESSION_OPEN,0.6782961663743423,0.5290348523535406,0.9977599775997761
CONSTITUENT_MONEYFLOW_BREADTH_CONTINUATION,2023-12-11,2023-12-12,TRADE_DATE_AFTER_19_00,NEXT_TRADING_SESSION_OPEN,0.6777216509311043,0.5269282716557413,0.9978896834525179
CONSTITUENT_MONEYFLOW_BREADTH_CONTINUATION,2023-12-27,2023-12-28,TRADE_DATE_AFTER_19_00,NEXT_TRADING_SESSION_OPEN,0.5929858753089148,0.508126551425698,0.9955693354003101
CONSTITUENT_MONEYFLOW_BREADTH_CONTINUATION,2023-12-28,2023-12-29,TRADE_DATE_AFTER_19_00,NEXT_TRADING_SESSION_OPEN,0.7327057925297864,0.5195886938435985,0.9955693354003101
CONSTITUENT_MONEYFLOW_BREADTH_CONTINUATION,2023-12-29,2024-01-02,TRADE_DATE_AFTER_19_00,NEXT_TRADING_SESSION_OPEN,0.6936067187719757,0.5195886938435985,0.9955693354003101
CONSTITUENT_MONEYFLOW_BREADTH_CONTINUATION,2024-01-11,2024-01-12,TRADE_DATE_AFTER_19_00,NEXT_TRADING_SESSION_OPEN,0.7226308827066463,0.5278686206728092,0.9978998739924396
CONSTITUENT_MONEYFLOW_BREADTH_CONTINUATION,2024-01-23,2024-01-24,TRADE_DATE_AFTER_19_00,NEXT_TRADING_SESSION_OPEN,0.5986631123226168,0.5074936333392406,0.9978998739924396
CONSTITUENT_MONEYFLOW_BREADTH_CONTINUATION,2024-01-25,2024-01-26,TRADE_DATE_AFTER_19_00,NEXT_TRADING_SESSION_OPEN,0.824329459767586,0.5074936333392406,1.0
CONSTITUENT_MONEYFLOW_BREADTH_CONTINUATION,2024-02-06,2024-02-07,TRADE_DATE_AFTER_19_00,NEXT_TRADING_SESSION_OPEN,0.9597547681198556,0.5032975528884405,1.0
CONSTITUENT_MONEYFLOW_BREADTH_CONTINUATION,2024-02-07,2024-02-08,TRADE_DATE_AFTER_19_00,NEXT_TRADING_SESSION_OPEN,0.829797873723584,0.5074936333392406,1.0
CONSTITUENT_MONEYFLOW_BREADTH_CONTINUATION,2024-02-08,2024-02-19,TRADE_DATE_AFTER_19_00,NEXT_TRADING_SESSION_OPEN,0.8865052456819387,0.5195886938435985,1.0
CONSTITUENT_MONEYFLOW_BREADTH_CONTINUATION,2024-02-21,2024-02-22,TRADE_DATE_AFTER_19_00,NEXT_TRADING_SESSION_OPEN,0.6537049816476141,0.5210047721491184,1.0
CONSTITUENT_MONEYFLOW_BREADTH_CONTINUATION,2024-02-27,2024-02-28,TRADE_DATE_AFTER_19_00,NEXT_TRADING_SESSION_OPEN,0.7971236260713893,0.511354350345756,1.0
CONSTITUENT_MONEYFLOW_BREADTH_CONTINUATION,2024-02-29,2024-03-01,TRADE_DATE_AFTER_19_00,NEXT_TRADING_SESSION_OPEN,0.8266474641703422,0.53285852615827,1.0
CONSTITUENT_MONEYFLOW_BREADTH_CONTINUATION,2024-03-11,2024-03-12,TRADE_DATE_AFTER_19_00,NEXT_TRADING_SESSION_OPEN,0.654307251257994,0.5941213227116552,0.997610023899761
CONSTITUENT_MONEYFLOW_BREADTH_CONTINUATION,2024-03-15,2024-03-18,TRADE_DATE_AFTER_19_00,NEXT_TRADING_SESSION_OPEN,0.6222437872663972,0.5941213227116552,0.999550004499955
CONSTITUENT_MONEYFLOW_BREADTH_CONTINUATION,2024-03-18,2024-03-19,TRADE_DATE_AFTER_19_00,NEXT_TRADING_SESSION_OPEN,0.6389711473048141,0.6033792473113729,0.999550004499955
CONSTITUENT_MONEYFLOW_BREADTH_CONTINUATION,2024-03-28,2024-03-29,TRADE_DATE_AFTER_19_00,NEXT_TRADING_SESSION_OPEN,0.6782432175678244,0.6255892592740806,1.0
CONSTITUENT_MONEYFLOW_BREADTH_CONTINUATION,2024-04-01,2024-04-02,TRADE_DATE_AFTER_19_00,NEXT_TRADING_SESSION_OPEN,0.663463173158658,0.6419179141733742,1.0
CONSTITUENT_MONEYFLOW_BREADTH_CONTINUATION,2024-04-17,2024-04-18,TRADE_DATE_AFTER_19_00,NEXT_TRADING_SESSION_OPEN,0.768078403920196,0.6033792473113729,1.0
CONSTITUENT_MONEYFLOW_BREADTH_CONTINUATION,2024-04-24,2024-04-25,TRADE_DATE_AFTER_19_00,NEXT_TRADING_SESSION_OPEN,0.6373318665933296,0.6255892592740806,1.0
CONSTITUENT_MONEYFLOW_BREADTH_CONTINUATION,2024-04-26,2024-04-29,TRADE_DATE_AFTER_19_00,NEXT_TRADING_SESSION_OPEN,0.7615680784039203,0.6376597227356265,1.0
CONSTITUENT_MONEYFLOW_BREADTH_CONTINUATION,2024-04-29,2024-04-30,TRADE_DATE_AFTER_19_00,NEXT_TRADING_SESSION_OPEN,0.7130284693580596,0.6419179141733742,0.9965598279913995
CONSTITUENT_MONEYFLOW_BREADTH_CONTINUATION,2024-05-09,2024-05-10,TRADE_DATE_AFTER_19_00,NEXT_TRADING_SESSION_OPEN,0.7025158113841966,0.6419179141733742,0.9993199727989119
CONSTITUENT_MONEYFLOW_BREADTH_CONTINUATION,2024-05-17,2024-05-20,TRADE_DATE_AFTER_19_00,NEXT_TRADING_SESSION_OPEN,0.6644484028500521,0.6376597227356265,0.9993199727989119
CONSTITUENT_MONEYFLOW_BREADTH_CONTINUATION,2024-06-11,2024-06-12,TRADE_DATE_AFTER_19_00,NEXT_TRADING_SESSION_OPEN,0.6063101786447844,0.5822401780164262,0.9981797997779756
CONSTITUENT_MONEYFLOW_BREADTH_CONTINUATION,2024-06-18,2024-06-19,TRADE_DATE_AFTER_19_00,NEXT_TRADING_SESSION_OPEN,0.6230546742861719,0.5474984834035355,0.999299922991529
CONSTITUENT_MONEYFLOW_BREADTH_CONTINUATION,2024-06-26,2024-06-27,TRADE_DATE_AFTER_19_00,NEXT_TRADING_SESSION_OPEN,0.8133186350653906,0.5474984834035355,0.9979597755753132
CONSTITUENT_MONEYFLOW_BREADTH_CONTINUATION,2024-07-05,2024-07-08,TRADE_DATE_AFTER_19_00,NEXT_TRADING_SESSION_OPEN,0.6599657955534219,0.5452694122867036,0.99985000299994
CONSTITUENT_MONEYFLOW_BREADTH_CONTINUATION,2024-07-09,2024-07-10,TRADE_DATE_AFTER_19_00,NEXT_TRADING_SESSION_OPEN,0.7156530348945364,0.5452694122867036,0.99985000299994
CONSTITUENT_MONEYFLOW_BREADTH_CONTINUATION,2024-07-11,2024-07-12,TRADE_DATE_AFTER_19_00,NEXT_TRADING_SESSION_OPEN,0.6501145148869354,0.5733238935490989,0.99985000299994
CONSTITUENT_MONEYFLOW_BREADTH_CONTINUATION,2024-07-18,2024-07-19,TRADE_DATE_AFTER_19_00,NEXT_TRADING_SESSION_OPEN,0.658447744466237,0.5733238935490989,0.9993000139997201
CONSTITUENT_MONEYFLOW_BREADTH_CONTINUATION,2024-07-26,2024-07-29,TRADE_DATE_AFTER_19_00,NEXT_TRADING_SESSION_OPEN,0.6381839650962654,0.5452694122867036,0.9993000139997201
CONSTITUENT_MONEYFLOW_BREADTH_CONTINUATION,2024-07-31,2024-08-01,TRADE_DATE_AFTER_19_00,NEXT_TRADING_SESSION_OPEN,0.9256922783756407,0.5328531653651087,0.99705005899882
CONSTITUENT_MONEYFLOW_BREADTH_CONTINUATION,2024-08-06,2024-08-07,TRADE_DATE_AFTER_19_00,NEXT_TRADING_SESSION_OPEN,0.5527406725011516,0.5328531653651087,0.9986100694965252
CONSTITUENT_MONEYFLOW_BREADTH_CONTINUATION,2024-08-15,2024-08-16,TRADE_DATE_AFTER_19_00,NEXT_TRADING_SESSION_OPEN,0.7278640621247298,0.5328531653651087,0.9992300384980751
CONSTITUENT_MONEYFLOW_BREADTH_CONTINUATION,2024-08-28,2024-08-29,TRADE_DATE_AFTER_19_00,NEXT_TRADING_SESSION_OPEN,0.6136017932911697,0.5440922862895187,0.9992300384980751
CONSTITUENT_MONEYFLOW_BREADTH_CONTINUATION,2024-08-29,2024-08-30,TRADE_DATE_AFTER_19_00,NEXT_TRADING_SESSION_OPEN,0.7967436554319111,0.5560212697742339,0.9992300384980751
CONSTITUENT_MONEYFLOW_BREADTH_CONTINUATION,2024-08-30,2024-09-02,TRADE_DATE_AFTER_19_00,NEXT_TRADING_SESSION_OPEN,0.7777199583700264,0.5765769628222075,0.9992300384980751
CONSTITUENT_MONEYFLOW_BREADTH_CONTINUATION,2024-09-19,2024-09-20,TRADE_DATE_AFTER_19_00,NEXT_TRADING_SESSION_OPEN,0.7389313282406111,0.5653905443558027,1.0
CONSTITUENT_MONEYFLOW_BREADTH_CONTINUATION,2024-09-24,2024-09-25,TRADE_DATE_AFTER_19_00,NEXT_TRADING_SESSION_OPEN,0.9088409390873095,0.5653905443558027,1.0
CONSTITUENT_MONEYFLOW_BREADTH_CONTINUATION,2024-09-26,2024-09-27,TRADE_DATE_AFTER_19_00,NEXT_TRADING_SESSION_OPEN,0.9223093228812543,0.5742821712407241,1.0
CONSTITUENT_MONEYFLOW_BREADTH_CONTINUATION,2024-09-27,2024-09-30,TRADE_DATE_AFTER_19_00,NEXT_TRADING_SESSION_OPEN,0.741341039075311,0.6185182276521889,1.0
CONSTITUENT_MONEYFLOW_BREADTH_CONTINUATION,2024-09-30,2024-10-08,TRADE_DATE_AFTER_19_00,NEXT_TRADING_SESSION_OPEN,0.9298384193896733,0.6405700750543994,1.0
CONSTITUENT_MONEYFLOW_BREADTH_CONTINUATION,2024-10-18,2024-10-21,TRADE_DATE_AFTER_19_00,NEXT_TRADING_SESSION_OPEN,0.9468594685946861,0.6118052495071424,1.0
CONSTITUENT_MONEYFLOW_BREADTH_CONTINUATION,2024-10-25,2024-10-28,TRADE_DATE_AFTER_19_00,NEXT_TRADING_SESSION_OPEN,0.6647107711101543,0.6118052495071424,0.9986999869998701
CONSTITUENT_MONEYFLOW_BREADTH_CONTINUATION,2024-11-04,2024-11-05,TRADE_DATE_AFTER_19_00,NEXT_TRADING_SESSION_OPEN,0.6296930035222542,0.5738330352947173,0.999419965197912
CONSTITUENT_MONEYFLOW_BREADTH_CONTINUATION,2024-11-05,2024-11-06,TRADE_DATE_AFTER_19_00,NEXT_TRADING_SESSION_OPEN,0.8308757327784557,0.6118052495071424,0.999679980798848
CONSTITUENT_MONEYFLOW_BREADTH_CONTINUATION,2024-11-07,2024-11-08,TRADE_DATE_AFTER_19_00,NEXT_TRADING_SESSION_OPEN,0.6280427359841393,0.6168200353373866,0.9987499249954997
CONSTITUENT_MONEYFLOW_BREADTH_CONTINUATION,2024-11-27,2024-11-28,TRADE_DATE_AFTER_19_00,NEXT_TRADING_SESSION_OPEN,0.8050083004980298,0.6164899818297637,1.0
CONSTITUENT_MONEYFLOW_BREADTH_CONTINUATION,2024-11-29,2024-12-02,TRADE_DATE_AFTER_19_00,NEXT_TRADING_SESSION_OPEN,0.7627857671460287,0.6283727894917622,1.0
CONSTITUENT_MONEYFLOW_BREADTH_CONTINUATION,2025-01-13,2025-01-14,TRADE_DATE_AFTER_19_00,NEXT_TRADING_SESSION_OPEN,0.6995807590467785,0.5582929951594192,0.9969004339392484
CONSTITUENT_MONEYFLOW_BREADTH_CONTINUATION,2025-01-14,2025-01-15,TRADE_DATE_AFTER_19_00,NEXT_TRADING_SESSION_OPEN,0.9417375431276579,0.5582929951594192,0.9969004339392484
CONSTITUENT_MONEYFLOW_BREADTH_CONTINUATION,2025-01-17,2025-01-20,TRADE_DATE_AFTER_19_00,NEXT_TRADING_SESSION_OPEN,0.6264534883720929,0.5693510716016847,0.997460355550223
CONSTITUENT_MONEYFLOW_BREADTH_CONTINUATION,2025-01-24,2025-01-27,TRADE_DATE_AFTER_19_00,NEXT_TRADING_SESSION_OPEN,0.8518607394964705,0.5693510716016847,1.0
CONSTITUENT_MONEYFLOW_BREADTH_CONTINUATION,2025-02-06,2025-02-07,TRADE_DATE_AFTER_19_00,NEXT_TRADING_SESSION_OPEN,0.7161702638369372,0.5693510716016847,1.0
CONSTITUENT_MONEYFLOW_BREADTH_CONTINUATION,2025-02-07,2025-02-10,TRADE_DATE_AFTER_19_00,NEXT_TRADING_SESSION_OPEN,0.6312783789730562,0.5693510716016847,1.0
CONSTITUENT_MONEYFLOW_BREADTH_CONTINUATION,2025-02-19,2025-02-20,TRADE_DATE_AFTER_19_00,NEXT_TRADING_SESSION_OPEN,0.5818016178119494,0.5693510716016847,0.9990198627807894
CONSTITUENT_MONEYFLOW_BREADTH_CONTINUATION,2025-03-04,2025-03-05,TRADE_DATE_AFTER_19_00,NEXT_TRADING_SESSION_OPEN,0.5793288025500691,0.5582929951594192,0.9976798607916475
CONSTITUENT_MONEYFLOW_BREADTH_CONTINUATION,2025-03-06,2025-03-07,TRADE_DATE_AFTER_19_00,NEXT_TRADING_SESSION_OPEN,0.5966290329061031,0.5379521759628173,0.995619737184231
CONSTITUENT_MONEYFLOW_BREADTH_CONTINUATION,2025-03-14,2025-03-17,TRADE_DATE_AFTER_19_00,NEXT_TRADING_SESSION_OPEN,0.7269043354712186,0.5189545842562739,0.9994899693981639
CONSTITUENT_MONEYFLOW_BREADTH_CONTINUATION,2025-04-08,2025-04-09,TRADE_DATE_AFTER_19_00,NEXT_TRADING_SESSION_OPEN,0.7570962019192,0.501780019445707,0.992268531020894
CONSTITUENT_MONEYFLOW_BREADTH_CONTINUATION,2025-04-09,2025-04-10,TRADE_DATE_AFTER_19_00,NEXT_TRADING_SESSION_OPEN,0.6817274944076097,0.5100264243099418,0.9926085956331704
CONSTITUENT_MONEYFLOW_BREADTH_CONTINUATION,2025-04-11,2025-04-14,TRADE_DATE_AFTER_19_00,NEXT_TRADING_SESSION_OPEN,0.6265895487797505,0.5427086033528568,0.9926085956331704
CONSTITUENT_MONEYFLOW_BREADTH_CONTINUATION,2025-04-21,2025-04-22,TRADE_DATE_AFTER_19_00,NEXT_TRADING_SESSION_OPEN,0.7027660149563023,0.5100264243099418,0.9990998289675039
CONSTITUENT_MONEYFLOW_BREADTH_CONTINUATION,2025-04-29,2025-04-30,TRADE_DATE_AFTER_19_00,NEXT_TRADING_SESSION_OPEN,0.5590293419827612,0.5137543883193041,0.9990998289675039
CONSTITUENT_MONEYFLOW_BREADTH_CONTINUATION,2025-05-06,2025-05-07,TRADE_DATE_AFTER_19_00,NEXT_TRADING_SESSION_OPEN,0.714868904090353,0.5137543883193041,0.9970697362762648
CONSTITUENT_MONEYFLOW_BREADTH_CONTINUATION,2025-05-08,2025-05-09,TRADE_DATE_AFTER_19_00,NEXT_TRADING_SESSION_OPEN,0.5421821934139476,0.5137543883193041,0.9982598433859047
CONSTITUENT_MONEYFLOW_BREADTH_CONTINUATION,2025-05-12,2025-05-13,TRADE_DATE_AFTER_19_00,NEXT_TRADING_SESSION_OPEN,0.5429235500966769,0.5137543883193041,0.9982598433859047
CONSTITUENT_MONEYFLOW_BREADTH_CONTINUATION,2025-05-26,2025-05-27,TRADE_DATE_AFTER_19_00,NEXT_TRADING_SESSION_OPEN,0.4988102767988916,0.49630226599049004,0.9961196507685691
CONSTITUENT_MONEYFLOW_BREADTH_CONTINUATION,2025-05-29,2025-05-30,TRADE_DATE_AFTER_19_00,NEXT_TRADING_SESSION_OPEN,0.7708101161611599,0.5008091408412616,0.9961196507685691
CONSTITUENT_MONEYFLOW_BREADTH_CONTINUATION,2025-06-04,2025-06-05,TRADE_DATE_AFTER_19_00,NEXT_TRADING_SESSION_OPEN,0.5381470842289227,0.5008091408412616,0.9956000879982401
CONSTITUENT_MONEYFLOW_BREADTH_CONTINUATION,2025-06-09,2025-06-10,TRADE_DATE_AFTER_19_00,NEXT_TRADING_SESSION_OPEN,0.5502955615669772,0.5008091408412616,0.9980800383992321
CONSTITUENT_MONEYFLOW_BREADTH_CONTINUATION,2025-06-23,2025-06-24,TRADE_DATE_AFTER_19_00,NEXT_TRADING_SESSION_OPEN,0.6124961218587056,0.5008091408412616,0.999170016599668
CONSTITUENT_MONEYFLOW_BREADTH_CONTINUATION,2025-06-24,2025-06-25,TRADE_DATE_AFTER_19_00,NEXT_TRADING_SESSION_OPEN,0.7048209049329958,0.5146730944543779,0.999170016599668
CONSTITUENT_MONEYFLOW_BREADTH_CONTINUATION,2025-06-25,2025-06-26,TRADE_DATE_AFTER_19_00,NEXT_TRADING_SESSION_OPEN,0.6221039041623715,0.5389541060659276,0.999170016599668
CONSTITUENT_MONEYFLOW_BREADTH_CONTINUATION,2025-07-08,2025-07-09,TRADE_DATE_AFTER_19_00,NEXT_TRADING_SESSION_OPEN,0.6518569628607428,0.5389541060659276,1.0
CONSTITUENT_MONEYFLOW_BREADTH_CONTINUATION,2025-07-11,2025-07-14,TRADE_DATE_AFTER_19_00,NEXT_TRADING_SESSION_OPEN,0.5624787504249915,0.5146730944543779,1.0
CONSTITUENT_MONEYFLOW_BREADTH_CONTINUATION,2025-07-24,2025-07-25,TRADE_DATE_AFTER_19_00,NEXT_TRADING_SESSION_OPEN,0.6436421193937147,0.5287359906307152,0.998190036199276
CONSTITUENT_MONEYFLOW_BREADTH_CONTINUATION,2025-08-04,2025-08-05,TRADE_DATE_AFTER_19_00,NEXT_TRADING_SESSION_OPEN,0.5408762850478984,0.5000273768424893,0.9990499429965798
CONSTITUENT_MONEYFLOW_BREADTH_CONTINUATION,2025-08-06,2025-08-07,TRADE_DATE_AFTER_19_00,NEXT_TRADING_SESSION_OPEN,0.57152724251494,0.5000273768424893,0.9990499429965798
CONSTITUENT_MONEYFLOW_BREADTH_CONTINUATION,2025-08-11,2025-08-12,TRADE_DATE_AFTER_19_00,NEXT_TRADING_SESSION_OPEN,0.6532698025005255,0.5091932650597367,0.9990499429965798
CONSTITUENT_MONEYFLOW_BREADTH_CONTINUATION,2025-08-13,2025-08-14,TRADE_DATE_AFTER_19_00,NEXT_TRADING_SESSION_OPEN,0.5376622597355841,0.5287359906307152,1.0
CONSTITUENT_MONEYFLOW_BREADTH_CONTINUATION,2025-08-15,2025-08-18,TRADE_DATE_AFTER_19_00,NEXT_TRADING_SESSION_OPEN,0.7606656399383963,0.5377592246342519,1.0
CONSTITUENT_MONEYFLOW_BREADTH_CONTINUATION,2025-08-22,2025-08-25,TRADE_DATE_AFTER_19_00,NEXT_TRADING_SESSION_OPEN,0.5479614261487361,0.5386929243927178,0.9965897953877233
CONSTITUENT_MONEYFLOW_BREADTH_CONTINUATION,2025-09-05,2025-09-08,TRADE_DATE_AFTER_19_00,NEXT_TRADING_SESSION_OPEN,0.7499074509490029,0.5286390257320475,0.9994799947999481
CONSTITUENT_MONEYFLOW_BREADTH_CONTINUATION,2025-09-11,2025-09-12,TRADE_DATE_AFTER_19_00,NEXT_TRADING_SESSION_OPEN,0.7335869456402043,0.538305064798047,0.998909989099891
CONSTITUENT_MONEYFLOW_BREADTH_CONTINUATION,2025-09-24,2025-09-25,TRADE_DATE_AFTER_19_00,NEXT_TRADING_SESSION_OPEN,0.7205624781063904,0.5091932650597367,0.9991599915999161
CONSTITUENT_MONEYFLOW_BREADTH_CONTINUATION,2025-09-29,2025-09-30,TRADE_DATE_AFTER_19_00,NEXT_TRADING_SESSION_OPEN,0.6357804133513486,0.5286390257320475,0.9991599915999161
CONSTITUENT_MONEYFLOW_BREADTH_CONTINUATION,2025-10-15,2025-10-16,TRADE_DATE_AFTER_19_00,NEXT_TRADING_SESSION_OPEN,0.632588370581471,0.5091932650597367,1.0
CONSTITUENT_MONEYFLOW_BREADTH_CONTINUATION,2025-10-21,2025-10-22,TRADE_DATE_AFTER_19_00,NEXT_TRADING_SESSION_OPEN,0.6655667216639168,0.5114490735606209,1.0
CONSTITUENT_MONEYFLOW_BREADTH_CONTINUATION,2025-10-24,2025-10-27,TRADE_DATE_AFTER_19_00,NEXT_TRADING_SESSION_OPEN,0.5390730463476826,0.538305064798047,1.0
CONSTITUENT_MONEYFLOW_BREADTH_CONTINUATION,2025-11-06,2025-11-07,TRADE_DATE_AFTER_19_00,NEXT_TRADING_SESSION_OPEN,0.5123504940197607,0.5083490562342894,1.0
CONSTITUENT_MONEYFLOW_BREADTH_CONTINUATION,2025-11-13,2025-11-14,TRADE_DATE_AFTER_19_00,NEXT_TRADING_SESSION_OPEN,0.5574792590294526,0.5003401565120107,0.9992699707988321
CONSTITUENT_MONEYFLOW_BREADTH_CONTINUATION,2025-11-24,2025-11-25,TRADE_DATE_AFTER_19_00,NEXT_TRADING_SESSION_OPEN,0.6114044561782471,0.48599870312496624,1.0
CONSTITUENT_MONEYFLOW_BREADTH_CONTINUATION,2025-11-28,2025-12-01,TRADE_DATE_AFTER_19_00,NEXT_TRADING_SESSION_OPEN,0.5624310168369087,0.48599870312496624,0.9966598663946559
CONSTITUENT_MONEYFLOW_BREADTH_CONTINUATION,2025-12-05,2025-12-08,TRADE_DATE_AFTER_19_00,NEXT_TRADING_SESSION_OPEN,0.6634765860117974,0.5003401565120107,0.9968798751950079
CONSTITUENT_MONEYFLOW_BREADTH_CONTINUATION,2025-12-17,2025-12-18,TRADE_DATE_AFTER_19_00,NEXT_TRADING_SESSION_OPEN,0.6374777049640273,0.48599870312496624,0.998019920796832
CONSTITUENT_MONEYFLOW_BREADTH_CONTINUATION,2025-12-19,2025-12-22,TRADE_DATE_AFTER_19_00,NEXT_TRADING_SESSION_OPEN,0.5731286719736921,0.5003401565120107,0.997459898395936
CONSTITUENT_MONEYFLOW_BREADTH_CONTINUATION,2025-12-24,2025-12-25,TRADE_DATE_AFTER_19_00,NEXT_TRADING_SESSION_OPEN,0.6695140147608127,0.5032867030911247,0.9986299451978079
CONSTITUENT_MONEYFLOW_BREADTH_CONTINUATION,2025-12-25,2025-12-26,TRADE_DATE_AFTER_19_00,NEXT_TRADING_SESSION_OPEN,0.5683027321092844,0.5176950044853452,1.0
CONSTITUENT_MONEYFLOW_BREADTH_CONTINUATION,2026-01-05,2026-01-06,TRADE_DATE_AFTER_19_00,NEXT_TRADING_SESSION_OPEN,0.6179347771670021,0.5032867030911247,0.9987799389969498
CONSTITUENT_MONEYFLOW_BREADTH_CONTINUATION,2026-01-06,2026-01-07,TRADE_DATE_AFTER_19_00,NEXT_TRADING_SESSION_OPEN,0.5782463595273649,0.5176950044853452,0.9978598929946497
CONSTITUENT_MONEYFLOW_BREADTH_CONTINUATION,2026-01-09,2026-01-12,TRADE_DATE_AFTER_19_00,NEXT_TRADING_SESSION_OPEN,0.679745036823567,0.5427542888840367,0.999409970498525
CONSTITUENT_MONEYFLOW_BREADTH_CONTINUATION,2026-01-12,2026-01-13,TRADE_DATE_AFTER_19_00,NEXT_TRADING_SESSION_OPEN,0.5780389644194381,0.5427542888840367,0.9989099454972747
CONSTITUENT_MONEYFLOW_BREADTH_CONTINUATION,2026-01-23,2026-01-26,TRADE_DATE_AFTER_19_00,NEXT_TRADING_SESSION_OPEN,0.6192806043323827,0.5213762470216993,0.99949997499875
CONSTITUENT_MONEYFLOW_BREADTH_CONTINUATION,2026-02-03,2026-02-04,TRADE_DATE_AFTER_19_00,NEXT_TRADING_SESSION_OPEN,0.8026688639241142,0.5584696105909438,0.9952496674767234
CONSTITUENT_MONEYFLOW_BREADTH_CONTINUATION,2026-02-09,2026-02-10,TRADE_DATE_AFTER_19_00,NEXT_TRADING_SESSION_OPEN,0.6201004016064258,0.5636053598913838,0.9960697248807416
CONSTITUENT_MONEYFLOW_BREADTH_CONTINUATION,2026-02-25,2026-02-26,TRADE_DATE_AFTER_19_00,NEXT_TRADING_SESSION_OPEN,0.582017412188532,0.569267920082166,0.9993699558969128
CONSTITUENT_MONEYFLOW_BREADTH_CONTINUATION,2026-03-06,2026-03-09,TRADE_DATE_AFTER_19_00,NEXT_TRADING_SESSION_OPEN,0.6002542644350124,0.569267920082166,0.9990299320952467
CONSTITUENT_MONEYFLOW_BREADTH_CONTINUATION,2026-03-24,2026-03-25,TRADE_DATE_AFTER_19_00,NEXT_TRADING_SESSION_OPEN,0.6008620603442242,0.5619559270985043,1.0
CONSTITUENT_MONEYFLOW_BREADTH_CONTINUATION,2026-03-27,2026-03-30,TRADE_DATE_AFTER_19_00,NEXT_TRADING_SESSION_OPEN,0.7291035145112399,0.5619559270985043,0.9996399747982359
CONSTITUENT_MONEYFLOW_BREADTH_CONTINUATION,2026-04-01,2026-04-02,TRADE_DATE_AFTER_19_00,NEXT_TRADING_SESSION_OPEN,0.5989137392974314,0.5536691042385942,0.9996100584912263
CONSTITUENT_MONEYFLOW_BREADTH_CONTINUATION,2026-04-08,2026-04-09,TRADE_DATE_AFTER_19_00,NEXT_TRADING_SESSION_OPEN,0.8229684742499599,0.5639031735605351,0.9971304304354346
CONSTITUENT_MONEYFLOW_BREADTH_CONTINUATION,2026-04-16,2026-04-17,TRADE_DATE_AFTER_19_00,NEXT_TRADING_SESSION_OPEN,0.641243446592228,0.5165792428718864,0.9993301004849272
CONSTITUENT_MONEYFLOW_BREADTH_CONTINUATION,2026-04-22,2026-04-23,TRADE_DATE_AFTER_19_00,NEXT_TRADING_SESSION_OPEN,0.555897199631425,0.5396624117511541,0.9982902564615307
CONSTITUENT_MONEYFLOW_BREADTH_CONTINUATION,2026-04-29,2026-04-30,TRADE_DATE_AFTER_19_00,NEXT_TRADING_SESSION_OPEN,0.6752442507139635,0.5396624117511541,0.9978003299505074
CONSTITUENT_MONEYFLOW_BREADTH_CONTINUATION,2026-05-06,2026-05-07,TRADE_DATE_AFTER_19_00,NEXT_TRADING_SESSION_OPEN,0.5851604385052412,0.5527746989957173,0.9997500024999749
CONSTITUENT_MONEYFLOW_BREADTH_CONTINUATION,2026-05-22,2026-05-25,TRADE_DATE_AFTER_19_00,NEXT_TRADING_SESSION_OPEN,0.5470945290547095,0.5396624117511541,1.0
CONSTITUENT_MONEYFLOW_BREADTH_CONTINUATION,2026-06-01,2026-06-02,TRADE_DATE_AFTER_19_00,NEXT_TRADING_SESSION_OPEN,0.5676546520703665,0.538682502794738,0.999310020699379
CONSTITUENT_MONEYFLOW_BREADTH_CONTINUATION,2026-06-12,2026-06-15,TRADE_DATE_AFTER_19_00,NEXT_TRADING_SESSION_OPEN,0.5553120590795834,0.5354556178487629,0.99930002099937
CONSTITUENT_MONEYFLOW_BREADTH_CONTINUATION,2026-06-15,2026-06-16,TRADE_DATE_AFTER_19_00,NEXT_TRADING_SESSION_OPEN,0.5824602483664055,0.538682502794738,0.99930002099937
CONSTITUENT_MONEYFLOW_BREADTH_CONTINUATION,2026-06-29,2026-06-30,TRADE_DATE_AFTER_19_00,NEXT_TRADING_SESSION_OPEN,0.5263168433804903,0.5220147798522015,0.9987600371988841
CONSTITUENT_MONEYFLOW_BREADTH_CONTINUATION,2026-07-08,2026-07-09,TRADE_DATE_AFTER_19_00,NEXT_TRADING_SESSION_OPEN,0.5596265086767679,0.5044811392327783,0.9993599103874542
CONSTITUENT_MONEYFLOW_BREADTH_CONTINUATION,2026-07-09,2026-07-10,TRADE_DATE_AFTER_19_00,NEXT_TRADING_SESSION_OPEN,0.5904605592362042,0.5192867789130218,0.9993599103874542
CONSTITUENT_MONEYFLOW_BREADTH_CONTINUATION,2026-07-14,2026-07-15,TRADE_DATE_AFTER_19_00,NEXT_TRADING_SESSION_OPEN,0.7062988818434581,0.5224910835221934,1.0
CONSTITUENT_MONEYFLOW_BREADTH_CONTINUATION,2026-07-20,2026-07-21,TRADE_DATE_AFTER_19_00,NEXT_TRADING_SESSION_OPEN,0.6807153001420199,0.5224910835221934,1.0
CONSTITUENT_MONEYFLOW_BREADTH_CONTINUATION,2026-07-21,2026-07-22,TRADE_DATE_AFTER_19_00,NEXT_TRADING_SESSION_OPEN,0.7279119076670734,0.5280884043550957,1.0
CONSTITUENT_MONEYFLOW_BREADTH_CONTINUATION,2026-07-27,2026-07-28,TRADE_DATE_AFTER_19_00,NEXT_TRADING_SESSION_OPEN,0.8304272101217168,0.5280884043550957,0.9991798851839256
CONSTITUENT_MONEYFLOW_BREADTH_CONTINUATION,2026-07-29,2026-07-30,TRADE_DATE_AFTER_19_00,NEXT_TRADING_SESSION_OPEN,0.8039818225496477,0.5280884043550957,0.9991798851839256
CONSTITUENT_MONEYFLOW_BREADTH_CONTINUATION,2026-07-31,2026-08-03,TRADE_DATE_AFTER_19_00,NEXT_TRADING_SESSION_OPEN,0.5864521032944612,0.5280884043550957,1.0
CONSTITUENT_MONEYFLOW_BREADTH_CONTINUATION,2026-08-03,2026-08-04,TRADE_DATE_AFTER_19_00,NEXT_TRADING_SESSION_OPEN,0.5485277644423108,0.5375586244137559,1.0
CONSTITUENT_MONEYFLOW_BREADTH_CONTINUATION,2026-08-04,2026-08-05,TRADE_DATE_AFTER_19_00,NEXT_TRADING_SESSION_OPEN,0.5714814370299248,0.5473811761322297,1.0
CONSTITUENT_MONEYFLOW_BREADTH_CONTINUATION,2026-08-17,2026-08-18,TRADE_DATE_AFTER_19_00,NEXT_TRADING_SESSION_OPEN,0.6539146263402145,0.5498846233697653,1.0
CONSTITUENT_MONEYFLOW_BREADTH_CONTINUATION,2026-08-25,2026-08-26,TRADE_DATE_AFTER_19_00,NEXT_TRADING_SESSION_OPEN,0.623749799967995,0.5561749489990203,1.0
CONSTITUENT_MONEYFLOW_BREADTH_CONTINUATION,2026-08-27,2026-08-28,TRADE_DATE_AFTER_19_00,NEXT_TRADING_SESSION_OPEN,0.6446631461033766,0.5561749489990203,1.0
