date,signal_date,target_position,close,equity
2021-01-05,2021-01-04,1.0,1.452,100037.89314134142
2021-01-06,2021-01-05,1.0,1.443,99417.82355575461
2021-01-07,2021-01-06,1.0,1.412,97282.02831651109
2021-01-08,2021-01-07,1.0,1.409,97075.33845464882
2021-01-11,2021-01-08,1.0,1.421,97902.09790209793
2021-01-12,2021-01-11,1.0,1.434,98797.75397016777
2021-01-13,2021-01-12,1.0,1.438,99073.34045265081
2021-01-14,2021-01-13,1.0,1.477,101760.3086568604
2021-01-15,2021-01-14,1.0,1.479,101898.10189810192
2021-01-18,2021-01-15,1.0,1.509,103965.00051672467
2021-01-19,2021-01-18,1.0,1.477,101760.3086568604
2021-01-20,2021-01-19,1.0,1.51,104033.89713734543
2021-01-21,2021-01-20,1.0,1.512,104171.69037858695
2021-01-22,2021-01-21,1.0,1.517,104516.17348169074
2021-01-25,2021-01-22,1.0,1.527,105205.13968789832
2021-01-26,2021-01-25,1.0,1.505,103689.41403424164
2021-01-27,2021-01-26,1.0,1.489,102587.06810430951
2021-01-28,2021-01-27,1.0,1.452,100037.89314134142
2021-01-29,2021-01-28,1.0,1.452,100037.89314134142
2021-02-01,2021-01-29,1.0,1.452,100037.89314134142
2021-02-02,2021-02-01,1.0,1.467,101071.34245065282
2021-02-03,2021-02-02,1.0,1.443,99417.82355575461
2021-02-04,2021-02-03,1.0,1.421,97902.09790209793
2021-02-05,2021-02-04,1.0,1.402,96593.0621103035
2021-02-08,2021-02-05,1.0,1.411,97213.13169589033
2021-02-09,2021-02-08,1.0,1.457,100382.37624444523
2021-02-10,2021-02-09,1.0,1.467,101071.34245065282
2021-02-18,2021-02-10,1.0,1.461,100657.96272692826
2021-02-19,2021-02-18,1.0,1.455,100244.58300320372
2021-02-22,2021-02-19,1.0,1.42,97833.20128147716
2021-02-23,2021-02-22,1.0,1.42,97833.20128147716
2021-02-24,2021-02-23,1.0,1.398,96317.47562782046
2021-02-25,2021-02-24,1.0,1.382,95215.12969788833
2021-02-26,2021-02-25,1.0,1.356,93423.81756174861
2021-03-01,2021-02-26,1.0,1.389,95697.40604223365
2021-03-02,2021-03-01,1.0,1.383,95284.02631850909
2021-03-03,2021-03-02,1.0,1.388,95628.50942161288
2021-03-04,2021-03-03,1.0,1.357,93492.71418236937
2021-03-05,2021-03-04,1.0,1.361,93768.3006648524
2021-03-08,2021-03-05,1.0,1.304,89841.19328946917
2021-03-09,2021-03-08,1.0,1.263,87016.43184401807
2021-03-10,2021-03-09,1.0,1.265,87154.22508525958
2021-03-11,2021-03-10,1.0,1.295,89221.12370388233
2021-03-12,2021-03-11,1.0,1.288,88738.84735953703
2021-03-15,2021-03-12,1.0,1.25,86120.7757759482
2021-03-16,2021-03-15,1.0,1.245,85776.29267284441
2021-03-17,2021-03-16,1.0,1.26,86809.74198215579
2021-03-18,2021-03-17,1.0,1.267,87292.0183265011
2021-03-19,2021-03-18,1.0,1.255,86465.258879052
2021-03-22,2021-03-19,1.0,1.268,87360.91494712186
2021-03-23,2021-03-22,1.0,1.263,87016.43184401807
2021-03-24,2021-03-23,1.0,1.249,86051.87915532745
2021-03-25,2021-03-24,1.0,1.247,85914.08591408594
2021-03-26,2021-03-25,1.0,1.281,88256.57101519172
2021-03-29,2021-03-26,1.0,1.275,87843.19129146716
2021-03-30,2021-03-29,1.0,1.272,87636.50142960489
2021-03-31,2021-03-30,1.0,1.273,87705.39805022565
2021-04-01,2021-03-31,1.0,1.291,88945.5372213993
2021-04-02,2021-04-01,1.0,1.324,91219.12570188435
2021-04-06,2021-04-02,1.0,1.324,91219.12570188435
2021-04-07,2021-04-06,1.0,1.328,91494.71218436738
2021-04-08,2021-04-07,1.0,1.317,90736.84935753903
2021-04-09,2021-04-08,1.0,1.295,89221.12370388233
2021-04-12,2021-04-09,1.0,1.269,87429.81156774261
2021-04-13,2021-04-12,1.0,1.269,87429.81156774261
2021-04-14,2021-04-13,1.0,1.28,88187.67439457096
2021-04-15,2021-04-14,1.0,1.29,88876.64060077856
2021-04-16,2021-04-15,1.0,1.3,89565.60680698614
2021-04-19,2021-04-16,1.0,1.325,91288.02232250509
2021-04-20,2021-04-19,1.0,1.316,90667.95273691828
2021-04-21,2021-04-20,1.0,1.312,90392.36625443524
2021-04-22,2021-04-21,1.0,1.33,91632.50542560889
2021-04-23,2021-04-22,1.0,1.336,92045.88514933345
2021-04-26,2021-04-23,1.0,1.34,92321.47163181649
2021-04-27,2021-04-26,1.0,1.335,91976.98852871268
2021-04-28,2021-04-27,1.0,1.35,93010.43783802407
2021-04-29,2021-04-28,1.0,1.35,93010.43783802407
2021-04-30,2021-04-29,1.0,1.349,92941.5412174033
2021-05-06,2021-04-30,1.0,1.334,91908.09190809193
2021-05-07,2021-05-06,1.0,1.295,89221.12370388233
2021-05-10,2021-05-07,1.0,1.28,88187.67439457096
2021-05-11,2021-05-10,1.0,1.284,88463.260877054
2021-05-12,2021-05-11,1.0,1.3,89565.60680698614
2021-05-13,2021-05-12,1.0,1.301,89634.50342760689
2021-05-14,2021-05-13,1.0,1.327,91425.81556374661
2021-05-17,2021-05-14,1.0,1.353,93217.12769988633
2021-05-18,2021-05-17,1.0,1.345,92665.95473492026
2021-05-19,2021-05-18,1.0,1.352,93148.23107926559
2021-05-20,2021-05-19,1.0,1.354,93286.0243205071
2021-05-21,2021-05-20,1.0,1.34,92321.47163181649
2021-05-24,2021-05-21,1.0,1.357,93492.71418236937
2021-05-25,2021-05-24,1.0,1.393,95972.99252471668
2021-05-26,2021-05-25,1.0,1.39,95766.3026628544
2021-05-27,2021-05-26,1.0,1.421,97902.09790209793
2021-05-28,2021-05-27,1.0,1.414,97419.8215577526
2021-05-31,2021-05-28,1.0,1.469,101209.13569189433
2021-06-01,2021-05-31,1.0,1.489,102587.06810430951
2021-06-02,2021-06-01,1.0,1.453,100106.7897619622
2021-06-03,2021-06-02,1.0,1.44,99211.13369389233
2021-06-04,2021-06-03,1.0,1.46,100589.0661063075
2021-06-07,2021-06-04,1.0,1.463,100795.75596816979
2021-06-08,2021-06-07,1.0,1.449,99831.20327947916
2021-06-09,2021-06-08,1.0,1.458,100451.27286506598
2021-06-10,2021-06-09,1.0,1.48,101966.99851872267
2021-06-11,2021-06-10,1.0,1.47,101278.03231251509
2021-06-15,2021-06-11,1.0,1.48,101966.99851872267
2021-06-16,2021-06-15,1.0,1.439,99142.23707327158
2021-06-17,2021-06-16,1.0,1.505,103689.41403424164
2021-06-18,2021-06-17,1.0,1.529,105342.93292913983
2021-06-21,2021-06-18,1.0,1.563,107685.41803024564
2021-06-22,2021-06-21,1.0,1.556,107203.14168590032
2021-06-23,2021-06-22,1.0,1.565,107823.21127148715
2021-06-24,2021-06-23,1.0,1.54,106100.7957559682
2021-06-25,2021-06-24,1.0,1.573,108374.38423645322
2021-06-28,2021-06-25,1.0,1.597,110027.90313135143
2021-06-29,2021-06-28,1.0,1.598,110096.7997519722
2021-06-30,2021-06-29,1.0,1.626,112025.90512935341
2021-07-01,2021-06-30,1.0,1.613,111130.24906128357
2021-07-02,2021-07-01,1.0,1.571,108236.5909952117
2021-07-05,2021-07-02,1.0,1.613,111130.24906128357
2021-07-06,2021-07-05,1.0,1.57,108167.69437459095
2021-07-07,2021-07-06,1.0,1.605,110579.0760963175
2021-07-08,2021-07-07,1.0,1.648,113541.6307830101
2021-07-09,2021-07-08,1.0,1.627,112094.80174997418
2021-07-12,2021-07-09,1.0,1.64,112990.45781804404
2021-07-13,2021-07-12,1.0,1.627,112094.80174997418
2021-07-14,2021-07-13,1.0,1.599,110165.69637259294
2021-07-15,2021-07-14,1.0,1.598,110096.7997519722
2021-07-16,2021-07-15,1.0,1.565,107823.21127148715
2021-07-19,2021-07-16,1.0,1.551,106858.65858279653
2021-07-20,2021-07-19,1.0,1.562,107616.52140962488
2021-07-21,2021-07-20,1.0,1.6,110234.59299321371
2021-07-22,2021-07-21,1.0,1.621,111681.42202624964
2021-07-23,2021-07-22,1.0,1.607,110716.86933755901
2021-07-26,2021-07-23,1.0,1.594,109821.21326948916
2021-07-27,2021-07-26,1.0,1.589,109476.73016638536
2021-07-28,2021-07-27,1.0,1.556,107203.14168590032
2021-07-29,2021-07-28,1.0,1.631,112370.38823245722
2021-07-30,2021-07-29,1.0,1.632,112439.28485307797
2021-08-02,2021-07-30,1.0,1.636,112714.87133556101
2021-08-03,2021-08-02,1.0,1.605,110579.0760963175
2021-08-04,2021-08-03,1.0,1.647,113472.73416238936
2021-08-05,2021-08-04,1.0,1.642,113128.25105928555
2021-08-06,2021-08-05,1.0,1.63,112301.49161183645
2021-08-09,2021-08-06,1.0,1.612,111061.35244066281
2021-08-10,2021-08-09,1.0,1.626,112025.90512935341
2021-08-11,2021-08-10,1.0,1.616,111336.93892314585
2021-08-12,2021-08-11,1.0,1.623,111819.21526749115
2021-08-13,2021-08-12,1.0,1.596,109959.00651073067
2021-08-16,2021-08-13,1.0,1.589,109476.73016638536
2021-08-17,2021-08-16,1.0,1.551,106858.65858279653
2021-08-18,2021-08-17,1.0,1.545,106445.27885907197
2021-08-19,2021-08-18,1.0,1.586,109270.04030452309
2021-08-20,2021-08-19,1.0,1.568,108029.90113334943
2021-08-23,2021-08-20,1.0,1.602,110372.38623445523
2021-08-24,2021-08-23,1.0,1.619,111543.62878500811
2021-08-25,2021-08-24,1.0,1.585,109201.14368390232
2021-08-26,2021-08-25,1.0,1.542,106238.5889972097
2021-08-27,2021-08-26,1.0,1.523,104929.55320541529
2021-08-30,2021-08-27,1.0,1.506,103758.31065486239
2021-08-31,2021-08-30,1.0,1.473,101484.72217437737
2021-09-01,2021-08-31,1.0,1.463,100795.75596816979
2021-09-02,2021-09-01,1.0,1.439,99142.23707327158
2021-09-03,2021-09-02,1.0,1.443,99417.82355575461
2021-09-06,2021-09-03,1.0,1.471,101346.92893313586
2021-09-07,2021-09-06,1.0,1.474,101553.61879499812
2021-09-08,2021-09-07,1.0,1.449,99831.20327947916
2021-09-09,2021-09-08,1.0,1.438,99073.34045265081
2021-09-10,2021-09-09,1.0,1.465,100933.5492094113
2021-09-13,2021-09-10,1.0,1.421,97902.09790209793
2021-09-14,2021-09-13,1.0,1.435,98866.65059078854
2021-09-15,2021-09-14,1.0,1.419,97764.3046608564
2021-09-16,2021-09-15,1.0,1.389,95697.40604223365
2021-09-17,2021-09-16,1.0,1.394,96041.88914533744
2021-09-22,2021-09-17,1.0,1.393,95972.99252471668
2021-09-23,2021-09-22,1.0,1.399,96386.37224844123
2021-09-24,2021-09-23,1.0,1.413,97350.92493713186
2021-09-27,2021-09-24,1.0,1.408,97006.44183402805
2021-09-28,2021-09-27,1.0,1.39,95766.3026628544
2021-09-29,2021-09-28,1.0,1.382,95215.12969788833
2021-09-30,2021-09-29,1.0,1.405,96799.75197216579
2021-10-08,2021-09-30,1.0,1.405,96799.75197216579
2021-10-11,2021-10-08,1.0,1.388,95628.50942161288
2021-10-12,2021-10-11,1.0,1.359,93630.50742361089
2021-10-13,2021-10-12,1.0,1.377,94870.64659478454
2021-10-14,2021-10-13,1.0,1.382,95215.12969788833
2021-10-15,2021-10-14,1.0,1.398,96317.47562782046
2021-10-18,2021-10-15,1.0,1.387,95559.61280099212
2021-10-19,2021-10-18,1.0,1.401,96524.16548968275
2021-10-20,2021-10-19,1.0,1.408,97006.44183402805
2021-10-21,2021-10-20,1.0,1.395,96110.7857659582
2021-10-22,2021-10-21,1.0,1.405,96799.75197216579
2021-10-25,2021-10-22,1.0,1.414,97419.8215577526
2021-10-26,2021-10-25,1.0,1.413,97350.92493713186
2021-10-27,2021-10-26,1.0,1.394,96041.88914533744
2021-10-28,2021-10-27,1.0,1.395,96110.7857659582
2021-10-29,2021-10-28,1.0,1.431,98591.06410830551
2021-11-01,2021-10-29,1.0,1.442,99348.92693513384
2021-11-02,2021-11-01,1.0,1.444,99486.72017637537
2021-11-03,2021-11-02,1.0,1.433,98728.85734954702
2021-11-04,2021-11-03,1.0,1.446,99624.51341761688
2021-11-05,2021-11-04,1.0,1.435,98866.65059078854
2021-11-08,2021-11-05,1.0,1.436,98935.5472114093
2021-11-09,2021-11-08,1.0,1.457,100382.37624444523
2021-11-10,2021-11-09,1.0,1.456,100313.47962382446
2021-11-11,2021-11-10,1.0,1.473,101484.72217437737
2021-11-12,2021-11-11,1.0,1.478,101829.20527748116
2021-11-15,2021-11-12,1.0,1.468,101140.23907127357
2021-11-16,2021-11-15,1.0,1.456,100313.47962382446
2021-11-17,2021-11-16,1.0,1.473,101484.72217437737
2021-11-18,2021-11-17,1.0,1.461,100657.96272692826
2021-11-19,2021-11-18,1.0,1.48,101966.99851872267
2021-11-22,2021-11-19,1.0,1.518,104585.0701023115
2021-11-23,2021-11-22,1.0,1.516,104447.27686106999
2021-11-24,2021-11-23,1.0,1.509,103965.00051672467
2021-11-25,2021-11-24,1.0,1.506,103758.31065486239
2021-11-26,2021-11-25,1.0,1.496,103069.34444865481
2021-11-29,2021-11-26,1.0,1.512,104171.69037858695
2021-11-30,2021-11-29,1.0,1.51,104033.89713734543
2021-12-01,2021-11-30,1.0,1.494,102931.5512074133
2021-12-02,2021-12-01,1.0,1.466,101002.44583003205
2021-12-03,2021-12-02,1.0,1.484,102242.5850012057
2021-12-06,2021-12-03,1.0,1.445,99555.61679699612
2021-12-07,2021-12-06,1.0,1.437,99004.44383203005
2021-12-08,2021-12-07,1.0,1.451,99968.99652072068
2021-12-09,2021-12-08,1.0,1.468,101140.23907127357
2021-12-10,2021-12-09,1.0,1.485,102311.48162182648
2021-12-13,2021-12-10,1.0,1.484,102242.5850012057
2021-12-14,2021-12-13,1.0,1.48,101966.99851872267
2021-12-15,2021-12-14,1.0,1.463,100795.75596816979
2021-12-16,2021-12-15,1.0,1.465,100933.5492094113
2021-12-17,2021-12-16,1.0,1.441,99280.03031451309
2021-12-20,2021-12-17,1.0,1.408,97006.44183402805
2021-12-21,2021-12-20,1.0,1.414,97419.8215577526
2021-12-22,2021-12-21,1.0,1.411,97213.13169589033
2021-12-23,2021-12-22,1.0,1.415,97488.71817837337
2021-12-24,2021-12-23,1.0,1.4,96455.26886906198
2021-12-27,2021-12-24,1.0,1.393,95972.99252471668
2021-12-28,2021-12-27,1.0,1.407,96937.5452134073
2021-12-29,2021-12-28,1.0,1.394,96041.88914533744
2021-12-30,2021-12-29,1.0,1.416,97557.61479899412
2021-12-31,2021-12-30,1.0,1.436,98935.5472114093
2022-01-04,2021-12-31,1.0,1.404,96730.85535154502
2022-01-05,2022-01-04,1.0,1.372,94526.16349168075
2022-01-06,2022-01-05,1.0,1.363,93906.09390609393
2022-01-07,2022-01-06,1.0,1.346,92734.85135554103
2022-01-10,2022-01-07,1.0,1.359,93630.50742361089
2022-01-11,2022-01-10,1.0,1.334,91908.09190809193
2022-01-12,2022-01-11,1.0,1.351,93079.33445864482
2022-01-13,2022-01-12,1.0,1.336,92045.88514933345
2022-01-14,2022-01-13,1.0,1.349,92941.5412174033
2022-01-17,2022-01-14,1.0,1.372,94526.16349168075
2022-01-18,2022-01-17,1.0,1.379,95008.43983602605
2022-01-19,2022-01-18,1.0,1.362,93837.19728547317
2022-01-20,2022-01-19,1.0,1.345,92665.95473492026
2022-01-21,2022-01-20,1.0,1.328,91494.71218436738
2022-01-24,2022-01-21,1.0,1.347,92803.74797616179
2022-01-25,2022-01-24,1.0,1.315,90599.0561162975
2022-01-26,2022-01-25,1.0,1.311,90323.46963381447
2022-01-27,2022-01-26,1.0,1.275,87843.19129146716
2022-01-28,2022-01-27,1.0,1.268,87360.91494712186
2022-02-07,2022-01-28,1.0,1.272,87636.50142960489
2022-02-08,2022-02-07,1.0,1.242,85569.60281098213
2022-02-09,2022-02-08,1.0,1.245,85776.29267284441
2022-02-10,2022-02-09,1.0,1.223,84260.56701918773
2022-02-11,2022-02-10,1.0,1.204,82951.53122739331
2022-02-14,2022-02-11,1.0,1.207,83158.22108925559
2022-02-15,2022-02-14,1.0,1.237,85225.11970787834
2022-02-16,2022-02-15,1.0,1.23,84742.84336353303
2022-02-17,2022-02-16,1.0,1.24,85431.80956974062
2022-02-18,2022-02-17,1.0,1.24,85431.80956974062
2022-02-21,2022-02-18,1.0,1.228,84605.05012229152
2022-02-22,2022-02-21,1.0,1.221,84122.77377794622
2022-02-23,2022-02-22,1.0,1.264,87085.32846463882
2022-02-24,2022-02-23,1.0,1.249,86051.87915532745
2022-02-25,2022-02-24,1.0,1.275,87843.19129146716
2022-02-28,2022-02-25,1.0,1.283,88394.36425643323
2022-03-01,2022-02-28,1.0,1.276,87912.08791208793
2022-03-02,2022-03-01,1.0,1.265,87154.22508525958
2022-03-03,2022-03-02,1.0,1.244,85707.39605222366
2022-03-04,2022-03-03,1.0,1.24,85431.80956974062
2022-03-07,2022-03-04,1.0,1.204,82951.53122739331
2022-03-08,2022-03-07,1.0,1.172,80746.83936752903
2022-03-09,2022-03-08,1.0,1.163,80126.76978194222
2022-03-10,2022-03-09,1.0,1.187,81780.28867684041
2022-03-11,2022-03-10,1.0,1.197,82469.25488304801
2022-03-14,2022-03-11,1.0,1.161,79988.97654070069
2022-03-15,2022-03-14,1.0,1.13,77853.18130145717
2022-03-16,2022-03-15,1.0,1.157,79713.39005821766
2022-03-17,2022-03-16,1.0,1.176,81022.42585001206
2022-03-18,2022-03-17,1.0,1.175,80953.52922939132
2022-03-21,2022-03-18,1.0,1.184,81573.59881497813
2022-03-22,2022-03-21,1.0,1.165,80264.56302318373
2022-03-23,2022-03-22,1.0,1.177,81091.32247063283
2022-03-24,2022-03-23,1.0,1.167,80402.35626442525
2022-03-25,2022-03-24,1.0,1.14,78542.14750766476
2022-03-28,2022-03-25,1.0,1.123,77370.90495711187
2022-03-29,2022-03-28,1.0,1.111,76544.14550966276
2022-03-30,2022-03-29,1.0,1.142,78679.94074890627
2022-03-31,2022-03-30,1.0,1.122,77302.00833649111
2022-04-01,2022-03-31,1.0,1.122,77302.00833649111
2022-04-06,2022-04-01,1.0,1.092,75235.10971786836
2022-04-07,2022-04-06,1.0,1.068,73581.59082297015
2022-04-08,2022-04-07,1.0,1.057,72823.7279961418
2022-04-11,2022-04-08,1.0,1.025,70619.03613627751
2022-04-12,2022-04-11,1.0,1.026,70687.93275689828
2022-04-13,2022-04-12,1.0,0.993,68414.34427641325
2022-04-14,2022-04-13,1.0,1.004,69172.2071032416
2022-04-15,2022-04-14,1.0,1.003,69103.31048262083
2022-04-18,2022-04-15,1.0,1.033,71170.20910124358
2022-04-19,2022-04-18,1.0,1.018,70136.75979193221
2022-04-20,2022-04-19,1.0,1.002,69034.41386200007
2022-04-21,2022-04-20,1.0,0.986,67932.06793206795
2022-04-22,2022-04-21,1.0,0.971,66898.61862275656
2022-04-25,2022-04-22,1.0,0.913,62902.61462675257
2022-04-26,2022-04-25,1.0,0.895,61662.47545557892
2022-04-27,2022-04-26,1.0,0.934,64349.4436597885
2022-04-28,2022-04-27,1.0,0.929,64004.96055668471
2022-04-29,2022-04-28,1.0,0.975,67174.2051052396
2022-05-05,2022-04-29,1.0,0.983,67725.37807020567
2022-05-06,2022-05-05,1.0,0.972,66967.51524337732
2022-05-09,2022-05-06,1.0,0.975,67174.2051052396
2022-05-10,2022-05-09,1.0,0.999,68827.72400013781
2022-05-11,2022-05-10,1.0,1.029,70894.62261876055
2022-05-12,2022-05-11,1.0,1.042,71790.27868683042
2022-05-13,2022-05-12,1.0,1.041,71721.38206620966
2022-05-16,2022-05-13,1.0,1.025,70619.03613627751
2022-05-17,2022-05-16,1.0,1.041,71721.38206620966
2022-05-18,2022-05-17,1.0,1.044,71928.07192807195
2022-05-19,2022-05-18,1.0,1.068,73581.59082297015
2022-05-20,2022-05-19,1.0,1.078,74270.55702917774
2022-05-23,2022-05-20,1.0,1.076,74132.76378793622
2022-05-24,2022-05-23,1.0,1.027,70756.82937751904
2022-05-25,2022-05-24,1.0,1.035,71308.00234248511
2022-05-26,2022-05-25,1.0,1.031,71032.41586000207
2022-05-27,2022-05-26,1.0,1.026,70687.93275689828
2022-05-30,2022-05-27,1.0,1.031,71032.41586000207
2022-05-31,2022-05-30,1.0,1.065,73374.90096110787
2022-06-01,2022-05-31,1.0,1.063,73237.10771986636
2022-06-02,2022-06-01,1.0,1.115,76819.7319921458
2022-06-06,2022-06-02,1.0,1.158,79782.28667883841
2022-06-07,2022-06-06,1.0,1.144,78817.7339901478
2022-06-08,2022-06-07,1.0,1.146,78955.52723138931
2022-06-09,2022-06-08,1.0,1.114,76750.83537152504
2022-06-10,2022-06-09,1.0,1.138,78404.35426642324
2022-06-13,2022-06-10,1.0,1.121,77233.11171587036
2022-06-14,2022-06-13,1.0,1.105,76130.76578593822
2022-06-15,2022-06-14,1.0,1.098,75648.48944159292
2022-06-16,2022-06-15,1.0,1.111,76544.14550966276
2022-06-17,2022-06-16,1.0,1.128,77715.38806021566
2022-06-20,2022-06-17,1.0,1.129,77784.28468083641
2022-06-21,2022-06-20,1.0,1.117,76957.52523338732
2022-06-22,2022-06-21,1.0,1.096,75510.69620035139
2022-06-23,2022-06-22,1.0,1.115,76819.7319921458
2022-06-24,2022-06-23,1.0,1.137,78335.45764580248
2022-06-27,2022-06-24,1.0,1.136,78266.56102518173
2022-06-28,2022-06-27,1.0,1.153,79437.80357573462
2022-06-29,2022-06-28,1.0,1.125,77508.69819835338
2022-06-30,2022-06-29,1.0,1.14,78542.14750766476
2022-07-01,2022-06-30,1.0,1.13,77853.18130145717
2022-07-04,2022-07-01,1.0,1.128,77715.38806021566
2022-07-05,2022-07-04,1.0,1.122,77302.00833649111
2022-07-06,2022-07-05,1.0,1.136,78266.56102518173
2022-07-07,2022-07-06,1.0,1.145,78886.63061076855
2022-07-08,2022-07-07,1.0,1.139,78473.250887044
2022-07-11,2022-07-08,1.0,1.114,76750.83537152504
2022-07-12,2022-07-11,1.0,1.083,74615.04013228152
2022-07-13,2022-07-12,1.0,1.084,74683.93675290229
2022-07-14,2022-07-13,1.0,1.11,76475.248889042
2022-07-15,2022-07-14,1.0,1.104,76061.86916531746
2022-07-18,2022-07-15,1.0,1.105,76130.76578593822
2022-07-19,2022-07-18,1.0,1.094,75372.90295910988
2022-07-20,2022-07-19,1.0,1.113,76681.93875090429
2022-07-21,2022-07-20,1.0,1.13,77853.18130145717
2022-07-22,2022-07-21,1.0,1.118,77026.42185400808
2022-07-25,2022-07-22,1.0,1.108,76337.4556478005
2022-07-26,2022-07-25,1.0,1.118,77026.42185400808
2022-07-27,2022-07-26,1.0,1.13,77853.18130145717
2022-07-28,2022-07-27,1.0,1.143,78748.83736952704
2022-07-29,2022-07-28,1.0,1.122,77302.00833649111
2022-08-01,2022-07-29,1.0,1.136,78266.56102518173
2022-08-02,2022-08-01,1.0,1.137,78335.45764580248
2022-08-03,2022-08-02,1.0,1.134,78128.7677839402
2022-08-04,2022-08-03,1.0,1.148,79093.32047263082
2022-08-05,2022-08-04,1.0,1.2,82675.94474491027
2022-08-08,2022-08-05,1.0,1.194,82262.56502118573
2022-08-09,2022-08-08,1.0,1.198,82538.15150366876
2022-08-10,2022-08-09,1.0,1.193,82193.66840056497
2022-08-11,2022-08-10,1.0,1.213,83571.60081298015
2022-08-12,2022-08-11,1.0,1.185,81642.4954355989
2022-08-15,2022-08-12,1.0,1.181,81366.90895311587
2022-08-16,2022-08-15,1.0,1.173,80815.7359881498
2022-08-17,2022-08-16,1.0,1.169,80540.14950566676
2022-08-18,2022-08-17,1.0,1.183,81504.70219435738
2022-08-19,2022-08-18,1.0,1.146,78955.52723138931
2022-08-22,2022-08-19,1.0,1.142,78679.94074890627
2022-08-23,2022-08-22,1.0,1.143,78748.83736952704
2022-08-24,2022-08-23,1.0,1.104,76061.86916531746
2022-08-25,2022-08-24,1.0,1.091,75166.21309724759
2022-08-26,2022-08-25,1.0,1.082,74546.14351166078
2022-08-29,2022-08-26,1.0,1.089,75028.41985600608
2022-08-30,2022-08-29,1.0,1.085,74752.83337352304
2022-08-31,2022-08-30,1.0,1.062,73168.2110992456
2022-09-01,2022-08-31,1.0,1.062,73168.2110992456
2022-09-02,2022-09-01,1.0,1.067,73512.69420234939
2022-09-05,2022-09-02,1.0,1.057,72823.7279961418
2022-09-06,2022-09-05,1.0,1.069,73650.4874435909
2022-09-07,2022-09-06,1.0,1.085,74752.83337352304
2022-09-08,2022-09-07,1.0,1.075,74063.86716731545
2022-09-09,2022-09-08,1.0,1.07,73719.38406421167
2022-09-13,2022-09-09,1.0,1.061,73099.31447862483
2022-09-14,2022-09-13,1.0,1.061,73099.31447862483
2022-09-15,2022-09-14,1.0,1.029,70894.62261876055
2022-09-16,2022-09-15,1.0,1.024,70550.13951565677
2022-09-19,2022-09-16,1.0,1.008,69447.79358572463
2022-09-20,2022-09-19,1.0,1.014,69861.17330944918
2022-09-21,2022-09-20,1.0,1.0,68896.62062075856
2022-09-22,2022-09-21,1.0,1.005,69241.10372386235
2022-09-23,2022-09-22,1.0,0.99,68207.65441455098
2022-09-26,2022-09-23,1.0,0.99,68207.65441455098
2022-09-27,2022-09-26,1.0,1.004,69172.2071032416
2022-09-28,2022-09-27,1.0,0.983,67725.37807020567
2022-09-29,2022-09-28,1.0,0.989,68138.75779393021
2022-09-30,2022-09-29,1.0,0.967,66623.03214027353
2022-10-10,2022-09-30,1.0,0.923,63591.58083296016
2022-10-11,2022-10-10,1.0,0.918,63247.09772985637
2022-10-12,2022-10-11,1.0,0.953,65658.47945158291
2022-10-13,2022-10-12,1.0,0.955,65796.27269282442
2022-10-14,2022-10-13,1.0,0.985,67863.17131144718
2022-10-17,2022-10-14,1.0,0.99,68207.65441455098
2022-10-18,2022-10-17,1.0,0.988,68069.86117330946
2022-10-19,2022-10-18,1.0,0.977,67311.99834648111
2022-10-20,2022-10-19,1.0,0.992,68345.4476557925
2022-10-21,2022-10-20,1.0,0.997,68689.93075889628
2022-10-24,2022-10-21,1.0,0.999,68827.72400013781
2022-10-25,2022-10-24,1.0,1.0,68896.62062075856
2022-10-26,2022-10-25,1.0,1.035,71308.00234248511
2022-10-27,2022-10-26,1.0,1.035,71308.00234248511
2022-10-28,2022-10-27,1.0,1.026,70687.93275689828
2022-10-31,2022-10-28,1.0,1.043,71859.17530745118
2022-11-01,2022-10-31,1.0,1.053,72548.14151365876
2022-11-02,2022-11-01,1.0,1.069,73650.4874435909
2022-11-03,2022-11-02,1.0,1.08,74408.35027041925
2022-11-04,2022-11-03,1.0,1.104,76061.86916531746
2022-11-07,2022-11-04,1.0,1.091,75166.21309724759
2022-11-08,2022-11-07,1.0,1.083,74615.04013228152
2022-11-09,2022-11-08,1.0,1.067,73512.69420234939
2022-11-10,2022-11-09,1.0,1.054,72617.03813427953
2022-11-11,2022-11-10,1.0,1.054,72617.03813427953
2022-11-14,2022-11-11,1.0,1.054,72617.03813427953
2022-11-15,2022-11-14,1.0,1.084,74683.93675290229
2022-11-16,2022-11-15,1.0,1.067,73512.69420234939
2022-11-17,2022-11-16,1.0,1.072,73857.17730545318
2022-11-18,2022-11-17,1.0,1.062,73168.2110992456
2022-11-21,2022-11-18,1.0,1.062,73168.2110992456
2022-11-22,2022-11-21,1.0,1.048,72203.65841055498
2022-11-23,2022-11-22,1.0,1.046,72065.86516931346
2022-11-24,2022-11-23,1.0,1.046,72065.86516931346
2022-11-25,2022-11-24,1.0,1.032,71101.31248062284
2022-11-28,2022-11-25,1.0,1.021,70343.4496537945
2022-11-29,2022-11-28,1.0,1.031,71032.41586000207
2022-11-30,2022-11-29,1.0,1.026,70687.93275689828
2022-12-01,2022-11-30,1.0,1.039,71583.58882496814
2022-12-02,2022-12-01,1.0,1.04,71652.48544558891
2022-12-05,2022-12-02,1.0,1.034,71239.10572186435
2022-12-06,2022-12-05,1.0,1.033,71170.20910124358
2022-12-07,2022-12-06,1.0,1.03,70963.51923938132
2022-12-08,2022-12-07,1.0,1.026,70687.93275689828
2022-12-09,2022-12-08,1.0,1.027,70756.82937751904
2022-12-12,2022-12-09,1.0,1.032,71101.31248062284
2022-12-13,2022-12-12,1.0,1.013,69792.27668882842
2022-12-14,2022-12-13,1.0,1.008,69447.79358572463
2022-12-15,2022-12-14,1.0,1.014,69861.17330944918
2022-12-16,2022-12-15,1.0,1.001,68965.51724137932
2022-12-19,2022-12-16,1.0,0.981,67587.58482896414
2022-12-20,2022-12-19,1.0,0.978,67380.89496710188
2022-12-21,2022-12-20,1.0,0.964,66416.34227841125
2022-12-22,2022-12-21,1.0,0.955,65796.27269282442
2022-12-23,2022-12-22,1.0,0.946,65176.2031072376
2022-12-26,2022-12-23,1.0,0.976,67243.10172586035
2022-12-27,2022-12-26,1.0,0.987,68000.9645526887
2022-12-28,2022-12-27,1.0,0.981,67587.58482896414
2022-12-29,2022-12-28,1.0,0.986,67932.06793206795
2022-12-30,2022-12-29,1.0,0.987,68000.9645526887
2023-01-03,2022-12-30,1.0,1.005,69241.10372386235
2023-01-04,2023-01-03,1.0,0.997,68689.93075889628
2023-01-05,2023-01-04,1.0,1.007,69378.89696510386
2023-01-06,2023-01-05,1.0,1.014,69861.17330944918
2023-01-09,2023-01-06,1.0,1.013,69792.27668882842
2023-01-10,2023-01-09,1.0,1.013,69792.27668882842
2023-01-11,2023-01-10,1.0,0.998,68758.82737951705
2023-01-12,2023-01-11,1.0,0.996,68621.03413827553
2023-01-13,2023-01-12,1.0,1.0,68896.62062075856
2023-01-16,2023-01-13,1.0,1.018,70136.75979193221
2023-01-17,2023-01-16,1.0,1.028,70825.72599813981
2023-01-18,2023-01-17,1.0,1.031,71032.41586000207
2023-01-19,2023-01-18,1.0,1.049,72272.55503117573
2023-01-20,2023-01-19,1.0,1.054,72617.03813427953
2023-01-30,2023-01-20,1.0,1.056,72754.83137552104
2023-01-31,2023-01-30,1.0,1.05,72341.4516517965
2023-02-01,2023-01-31,1.0,1.053,72548.14151365876
2023-02-02,2023-02-01,1.0,1.057,72823.7279961418
2023-02-03,2023-02-02,1.0,1.061,73099.31447862483
2023-02-06,2023-02-03,1.0,1.047,72134.76178993421
2023-02-07,2023-02-06,1.0,1.043,71859.17530745118
2023-02-08,2023-02-07,1.0,1.036,71376.89896310588
2023-02-09,2023-02-08,1.0,1.063,73237.10771986636
2023-02-10,2023-02-09,1.0,1.05,72341.4516517965
2023-02-13,2023-02-10,1.0,1.05,72341.4516517965
2023-02-14,2023-02-13,1.0,1.048,72203.65841055498
2023-02-15,2023-02-14,1.0,1.049,72272.55503117573
2023-02-16,2023-02-15,1.0,1.03,70963.51923938132
2023-02-17,2023-02-16,1.0,1.011,69654.4834475869
2023-02-20,2023-02-17,1.0,1.022,70412.34627441525
2023-02-21,2023-02-20,1.0,1.019,70205.65641255297
2023-02-22,2023-02-21,1.0,1.013,69792.27668882842
2023-02-23,2023-02-22,1.0,1.017,70067.86317131146
2023-02-24,2023-02-23,1.0,1.015,69930.06993006993
2023-02-27,2023-02-24,1.0,1.011,69654.4834475869
2023-02-28,2023-02-27,1.0,1.015,69930.06993006993
2023-03-01,2023-02-28,1.0,1.018,70136.75979193221
2023-03-02,2023-03-01,1.0,1.012,69723.38006820767
2023-03-03,2023-03-02,1.0,1.024,70550.13951565677
2023-03-06,2023-03-03,1.0,1.031,71032.41586000207
2023-03-07,2023-03-06,1.0,1.015,69930.06993006993
2023-03-08,2023-03-07,1.0,1.017,70067.86317131146
2023-03-09,2023-03-08,1.0,1.023,70481.242895036
2023-03-10,2023-03-09,1.0,1.016,69998.9665506907
2023-03-13,2023-03-10,1.0,1.021,70343.4496537945
2023-03-14,2023-03-13,1.0,1.034,71239.10572186435
2023-03-15,2023-03-14,1.0,1.029,70894.62261876055
2023-03-16,2023-03-15,1.0,1.014,69861.17330944918
2023-03-17,2023-03-16,1.0,1.037,71445.79558372662
2023-03-20,2023-03-17,1.0,1.047,72134.76178993421
2023-03-21,2023-03-20,1.0,1.051,72410.34827241725
2023-03-22,2023-03-21,1.0,1.053,72548.14151365876
2023-03-23,2023-03-22,1.0,1.079,74339.45364979848
2023-03-24,2023-03-23,1.0,1.086,74821.72999414381
2023-03-27,2023-03-24,1.0,1.078,74270.55702917774
2023-03-28,2023-03-27,1.0,1.059,72961.52123738332
2023-03-29,2023-03-28,1.0,1.084,74683.93675290229
2023-03-30,2023-03-29,1.0,1.089,75028.41985600608
2023-03-31,2023-03-30,1.0,1.104,76061.86916531746
2023-04-03,2023-03-31,1.0,1.148,79093.32047263082
2023-04-04,2023-04-03,1.0,1.15,79231.11371387234
2023-04-06,2023-04-04,1.0,1.171,80677.94274690829
2023-04-07,2023-04-06,1.0,1.185,81642.4954355989
2023-04-10,2023-04-07,1.0,1.151,79300.01033449311
2023-04-11,2023-04-10,1.0,1.144,78817.7339901478
2023-04-12,2023-04-11,1.0,1.153,79437.80357573462
2023-04-13,2023-04-12,1.0,1.125,77508.69819835338
2023-04-14,2023-04-13,1.0,1.16,79920.07992007992
2023-04-17,2023-04-14,1.0,1.165,80264.56302318373
2023-04-18,2023-04-17,1.0,1.152,79368.90695511385
2023-04-19,2023-04-18,1.0,1.157,79713.39005821766
2023-04-20,2023-04-19,1.0,1.188,81849.18529746117
2023-04-21,2023-04-20,1.0,1.142,78679.94074890627
2023-04-24,2023-04-21,1.0,1.119,77095.31847462883
2023-04-25,2023-04-24,1.0,1.1,75786.28268283443
2023-04-26,2023-04-25,1.0,1.095,75441.79957973062
2023-04-27,2023-04-26,1.0,1.092,75235.10971786836
2023-04-28,2023-04-27,1.0,1.112,76613.04213028353
2023-05-04,2023-04-28,1.0,1.088,74959.52323538532
2023-05-05,2023-05-04,1.0,1.072,73857.17730545318
2023-05-08,2023-05-05,1.0,1.083,74615.04013228152
2023-05-09,2023-05-08,1.0,1.059,72961.52123738332
2023-05-10,2023-05-09,1.0,1.05,72341.4516517965
2023-05-11,2023-05-10,1.0,1.05,72341.4516517965
2023-05-12,2023-05-11,1.0,1.036,71376.89896310588
2023-05-15,2023-05-12,1.0,1.049,72272.55503117573
2023-05-16,2023-05-15,1.0,1.049,72272.55503117573
2023-05-17,2023-05-16,1.0,1.052,72479.244893038
2023-05-18,2023-05-17,1.0,1.057,72823.7279961418
2023-05-19,2023-05-18,1.0,1.065,73374.90096110787
2023-05-22,2023-05-19,1.0,1.056,72754.83137552104
2023-05-23,2023-05-22,1.0,1.04,71652.48544558891
2023-05-24,2023-05-23,1.0,1.036,71376.89896310588
2023-05-25,2023-05-24,1.0,1.044,71928.07192807195
2023-05-26,2023-05-25,1.0,1.066,73443.79758172864
2023-05-29,2023-05-26,1.0,1.052,72479.244893038
2023-05-30,2023-05-29,1.0,1.069,73650.4874435909
2023-05-31,2023-05-30,1.0,1.077,74201.66040855697
2023-06-01,2023-05-31,1.0,1.079,74339.45364979848
2023-06-02,2023-06-01,1.0,1.078,74270.55702917774
2023-06-05,2023-06-02,1.0,1.077,74201.66040855697
2023-06-06,2023-06-05,1.0,1.048,72203.65841055498
2023-06-07,2023-06-06,1.0,1.045,71996.96854869269
2023-06-08,2023-06-07,1.0,1.031,71032.41586000207
2023-06-09,2023-06-08,1.0,1.056,72754.83137552104
2023-06-12,2023-06-09,1.0,1.049,72272.55503117573
2023-06-13,2023-06-12,1.0,1.062,73168.2110992456
2023-06-14,2023-06-13,1.0,1.059,72961.52123738332
2023-06-15,2023-06-14,1.0,1.059,72961.52123738332
2023-06-16,2023-06-15,1.0,1.075,74063.86716731545
2023-06-19,2023-06-16,1.0,1.077,74201.66040855697
2023-06-20,2023-06-19,1.0,1.077,74201.66040855697
2023-06-21,2023-06-20,1.0,1.042,71790.27868683042
2023-06-26,2023-06-21,1.0,1.035,71308.00234248511
2023-06-27,2023-06-26,1.0,1.036,71376.89896310588
2023-06-28,2023-06-27,1.0,1.033,71170.20910124358
2023-06-29,2023-06-28,1.0,1.026,70687.93275689828
2023-06-30,2023-06-29,1.0,1.03,70963.51923938132
2023-07-03,2023-06-30,1.0,1.033,71170.20910124358
2023-07-04,2023-07-03,1.0,1.039,71583.58882496814
2023-07-05,2023-07-04,1.0,1.03,70963.51923938132
2023-07-06,2023-07-05,1.0,1.026,70687.93275689828
2023-07-07,2023-07-06,1.0,1.017,70067.86317131146
2023-07-10,2023-07-07,1.0,1.018,70136.75979193221
2023-07-11,2023-07-10,1.0,1.025,70619.03613627751
2023-07-12,2023-07-11,1.0,1.009,69516.69020634539
2023-07-13,2023-07-12,1.0,1.019,70205.65641255297
2023-07-14,2023-07-13,1.0,1.015,69930.06993006993
2023-07-17,2023-07-14,1.0,1.009,69516.69020634539
2023-07-18,2023-07-17,1.0,1.006,69310.00034448311
2023-07-19,2023-07-18,1.0,0.999,68827.72400013781
2023-07-20,2023-07-19,1.0,0.986,67932.06793206795
2023-07-21,2023-07-20,1.0,0.979,67449.79158772263
2023-07-24,2023-07-21,1.0,0.974,67105.30848461884
2023-07-25,2023-07-24,1.0,0.989,68138.75779393021
2023-07-26,2023-07-25,1.0,0.985,67863.17131144718
2023-07-27,2023-07-26,1.0,0.976,67243.10172586035
2023-07-28,2023-07-27,1.0,0.986,67932.06793206795
2023-07-31,2023-07-28,1.0,0.993,68414.34427641325
2023-08-01,2023-07-31,1.0,0.994,68483.24089703402
2023-08-02,2023-08-01,1.0,0.993,68414.34427641325
2023-08-03,2023-08-02,1.0,0.994,68483.24089703402
2023-08-04,2023-08-03,1.0,1.0,68896.62062075856
2023-08-07,2023-08-04,1.0,0.992,68345.4476557925
2023-08-08,2023-08-07,1.0,0.989,68138.75779393021
2023-08-09,2023-08-08,1.0,0.981,67587.58482896414
2023-08-10,2023-08-09,1.0,0.982,67656.48144958491
2023-08-11,2023-08-10,1.0,0.962,66278.54903716974
2023-08-14,2023-08-11,1.0,0.954,65727.37607220367
2023-08-15,2023-08-14,1.0,0.942,64900.61662475456
2023-08-16,2023-08-15,1.0,0.923,63591.58083296016
2023-08-17,2023-08-16,1.0,0.933,64280.547039167745
2023-08-18,2023-08-17,1.0,0.93,64073.857177305465
2023-08-21,2023-08-18,1.0,0.916,63109.30448861485
2023-08-22,2023-08-21,1.0,0.927,63867.16731544319
2023-08-23,2023-08-22,1.0,0.902,62144.751799924226
2023-08-24,2023-08-23,1.0,0.908,62558.13152364878
2023-08-25,2023-08-24,1.0,0.892,61455.78559371664
2023-08-28,2023-08-25,1.0,0.903,62213.64842054498
2023-08-29,2023-08-28,1.0,0.94,64762.823383513045
2023-08-30,2023-08-29,1.0,0.963,66347.4456577905
2023-08-31,2023-08-30,1.0,0.965,66485.23889903202
2023-09-01,2023-08-31,1.0,0.959,66071.85917530746
2023-09-04,2023-09-01,1.0,0.966,66554.13551965277
2023-09-05,2023-09-04,1.0,0.954,65727.37607220367
2023-09-06,2023-09-05,1.0,0.957,65934.06593406595
2023-09-07,2023-09-06,1.0,0.921,63453.78759171864
2023-09-08,2023-09-07,1.0,0.923,63591.58083296016
2023-09-11,2023-09-08,1.0,0.929,64004.96055668471
2023-09-12,2023-09-11,1.0,0.923,63591.58083296016
2023-09-13,2023-09-12,1.0,0.91,62695.9247648903
2023-09-14,2023-09-13,1.0,0.902,62144.751799924226
2023-09-15,2023-09-14,1.0,0.907,62489.23490302802
2023-09-18,2023-09-15,1.0,0.901,62075.855179303464
2023-09-19,2023-09-18,1.0,0.894,61593.578834958156
2023-09-20,2023-09-19,1.0,0.887,61111.30249061285
2023-09-21,2023-09-20,1.0,0.882,60766.81938750905
2023-09-22,2023-09-21,1.0,0.904,62282.545041165744
2023-09-25,2023-09-22,1.0,0.896,61731.372076199674
2023-09-26,2023-09-25,1.0,0.897,61800.268696820436
2023-09-27,2023-09-26,1.0,0.903,62213.64842054498
2023-09-28,2023-09-27,1.0,0.909,62627.028144269534
2023-10-09,2023-09-28,1.0,0.908,62558.13152364878
2023-10-10,2023-10-09,1.0,0.903,62213.64842054498
2023-10-11,2023-10-10,1.0,0.915,63040.40786799409
2023-10-12,2023-10-11,1.0,0.921,63453.78759171864
2023-10-13,2023-10-12,1.0,0.913,62902.61462675257
2023-10-16,2023-10-13,1.0,0.895,61662.47545557892
2023-10-17,2023-10-16,1.0,0.903,62213.64842054498
2023-10-18,2023-10-17,1.0,0.892,61455.78559371664
2023-10-19,2023-10-18,1.0,0.892,61455.78559371664
2023-10-20,2023-10-19,1.0,0.884,60904.61262875057
2023-10-23,2023-10-20,1.0,0.859,59182.1971132316
2023-10-24,2023-10-23,1.0,0.871,60008.95656068071
2023-10-25,2023-10-24,1.0,0.869,59871.16331943919
2023-10-26,2023-10-25,1.0,0.87,59940.05994005995
2023-10-27,2023-10-26,1.0,0.884,60904.61262875057
2023-10-30,2023-10-27,1.0,0.899,61938.061938061954
2023-10-31,2023-10-30,1.0,0.897,61800.268696820436
2023-11-01,2023-10-31,1.0,0.892,61455.78559371664
2023-11-02,2023-11-01,1.0,0.882,60766.81938750905
2023-11-03,2023-11-02,1.0,0.897,61800.268696820436
2023-11-06,2023-11-03,1.0,0.911,62764.82138551105
2023-11-07,2023-11-06,1.0,0.912,62833.718006131814
2023-11-08,2023-11-07,1.0,0.92,63384.890971097884
2023-11-09,2023-11-08,1.0,0.915,63040.40786799409
2023-11-10,2023-11-09,1.0,0.911,62764.82138551105
2023-11-13,2023-11-10,1.0,0.917,63178.201109235604
2023-11-14,2023-11-13,1.0,0.925,63729.374074201674
2023-11-15,2023-11-14,1.0,0.924,63660.47745358092
2023-11-16,2023-11-15,1.0,0.908,62558.13152364878
2023-11-17,2023-11-16,1.0,0.912,62833.718006131814
2023-11-20,2023-11-17,1.0,0.913,62902.61462675257
2023-11-21,2023-11-20,1.0,0.907,62489.23490302802
2023-11-22,2023-11-21,1.0,0.892,61455.78559371664
2023-11-23,2023-11-22,1.0,0.899,61938.061938061954
2023-11-24,2023-11-23,1.0,0.886,61042.405869992086
2023-11-27,2023-11-24,1.0,0.89,61317.99235247512
2023-11-28,2023-11-27,1.0,0.892,61455.78559371664
2023-11-29,2023-11-28,1.0,0.884,60904.61262875057
2023-11-30,2023-11-29,1.0,0.886,61042.405869992086
2023-12-01,2023-11-30,1.0,0.89,61317.99235247512
2023-12-04,2023-12-01,1.0,0.883,60835.71600812981
2023-12-05,2023-12-04,1.0,0.867,59733.37007819767
2023-12-06,2023-12-05,1.0,0.87,59940.05994005995
2023-12-07,2023-12-06,1.0,0.87,59940.05994005995
2023-12-08,2023-12-07,1.0,0.886,61042.405869992086
2023-12-11,2023-12-08,1.0,0.899,61938.061938061954
2023-12-12,2023-12-11,1.0,0.892,61455.78559371664
2023-12-13,2023-12-12,1.0,0.882,60766.81938750905
2023-12-14,2023-12-13,1.0,0.877,60422.33628440526
2023-12-15,2023-12-14,1.0,0.87,59940.05994005995
2023-12-18,2023-12-15,1.0,0.862,59388.88697509388
2023-12-19,2023-12-18,1.0,0.868,59802.266698818436
2023-12-20,2023-12-19,1.0,0.856,58975.50725136933
2023-12-21,2023-12-20,1.0,0.868,59802.266698818436
2023-12-22,2023-12-21,1.0,0.864,59526.6802163354
2023-12-25,2023-12-22,1.0,0.858,59113.30049261085
2023-12-26,2023-12-25,1.0,0.844,58148.747803920225
2023-12-27,2023-12-26,1.0,0.849,58493.23090702402
2023-12-28,2023-12-27,1.0,0.871,60008.95656068071
2023-12-29,2023-12-28,1.0,0.872,60077.85318130147
2024-01-02,2023-12-29,1.0,0.861,59319.99035447312
2024-01-03,2024-01-02,1.0,0.851,58631.02414826553
2024-01-04,2024-01-03,1.0,0.844,58148.747803920225
2024-01-05,2024-01-04,1.0,0.827,56977.50525336733
2024-01-08,2024-01-05,1.0,0.802,55255.08973784837
2024-01-09,2024-01-08,1.0,0.802,55255.08973784837
2024-01-10,2024-01-09,1.0,0.796,54841.71001412382
2024-01-11,2024-01-10,1.0,0.809,55737.36608219368
2024-01-12,2024-01-11,1.0,0.797,54910.60663474458
2024-01-15,2024-01-12,1.0,0.792,54566.123531640784
2024-01-16,2024-01-15,1.0,0.796,54841.71001412382
2024-01-17,2024-01-16,1.0,0.774,53325.98436046713
2024-01-18,2024-01-17,1.0,0.786,54152.74380791623
2024-01-19,2024-01-18,1.0,0.783,53946.05394605396
2024-01-22,2024-01-19,1.0,0.759,52292.53505115575
2024-01-23,2024-01-22,1.0,0.767,52843.70801612182
2024-01-24,2024-01-23,1.0,0.767,52843.70801612182
2024-01-25,2024-01-24,1.0,0.785,54083.847187295476
2024-01-26,2024-01-25,1.0,0.764,52637.018154259546
2024-01-29,2024-01-26,1.0,0.742,51121.29250060285
2024-01-30,2024-01-29,1.0,0.714,49192.187123221614
2024-01-31,2024-01-30,1.0,0.7,48227.63443453099
2024-02-01,2024-01-31,1.0,0.712,49054.3938819801
2024-02-02,2024-02-01,1.0,0.689,47469.77160770265
2024-02-05,2024-02-02,1.0,0.693,47745.358090185684
2024-02-06,2024-02-05,1.0,0.739,50914.60263874058
2024-02-07,2024-02-06,1.0,0.761,52430.328292397266
2024-02-08,2024-02-07,1.0,0.77,53050.3978779841
2024-02-19,2024-02-08,1.0,0.779,53670.46746357092
2024-02-20,2024-02-19,1.0,0.772,53188.191119225616
2024-02-21,2024-02-20,1.0,0.773,53257.08773984637
2024-02-22,2024-02-21,1.0,0.78,53739.36408419168
2024-02-23,2024-02-22,1.0,0.782,53877.157325433196
2024-02-26,2024-02-23,1.0,0.786,54152.74380791623
2024-02-27,2024-02-26,1.0,0.816,56219.64242653899
2024-02-28,2024-02-27,1.0,0.79,54428.330290399266
2024-02-29,2024-02-28,1.0,0.826,56908.60863274657
2024-03-01,2024-02-29,1.0,0.835,57528.6782183334
2024-03-04,2024-03-01,1.0,0.838,57735.36808019567
2024-03-05,2024-03-04,1.0,0.836,57597.574838954155
2024-03-06,2024-03-05,1.0,0.831,57253.091735850365
2024-03-07,2024-03-06,1.0,0.813,56012.95256467671
2024-03-08,2024-03-07,1.0,0.821,56564.12552964278
2024-03-11,2024-03-08,1.0,0.838,57735.36808019567
2024-03-12,2024-03-11,1.0,0.837,57666.47145957492
2024-03-13,2024-03-12,1.0,0.833,57390.88497709188
2024-03-14,2024-03-13,1.0,0.824,56770.81539150505
2024-03-15,2024-03-14,1.0,0.828,57046.401873988085
2024-03-18,2024-03-15,1.0,0.845,58217.64442454099
2024-03-19,2024-03-18,1.0,0.831,57253.091735850365
2024-03-20,2024-03-19,1.0,0.833,57390.88497709188
2024-03-21,2024-03-20,1.0,0.824,56770.81539150505
2024-03-22,2024-03-21,1.0,0.812,55944.05594405596
2024-03-25,2024-03-22,1.0,0.8,55117.296496606854
2024-03-26,2024-03-25,1.0,0.79,54428.330290399266
2024-03-27,2024-03-26,1.0,0.771,53119.29449860485
2024-03-28,2024-03-27,1.0,0.781,53808.26070481244
2024-03-29,2024-03-28,1.0,0.781,53808.26070481244
2024-04-01,2024-03-29,1.0,0.794,54703.9167728823
2024-04-02,2024-04-01,1.0,0.786,54152.74380791623
2024-04-03,2024-04-02,1.0,0.775,53394.88098108789
2024-04-08,2024-04-03,1.0,0.757,52154.74180991423
2024-04-09,2024-04-08,1.0,0.766,52774.81139550106
2024-04-10,2024-04-09,1.0,0.754,51948.05194805196
2024-04-11,2024-04-10,1.0,0.756,52085.845189293475
2024-04-12,2024-04-11,1.0,0.756,52085.845189293475
2024-04-15,2024-04-12,1.0,0.768,52912.60463674258
2024-04-16,2024-04-15,1.0,0.75,51672.46546556892
2024-04-17,2024-04-16,1.0,0.768,52912.60463674258
2024-04-18,2024-04-17,1.0,0.764,52637.018154259546
2024-04-19,2024-04-18,1.0,0.748,51534.672224327405
2024-04-22,2024-04-19,1.0,0.748,51534.672224327405
2024-04-23,2024-04-22,1.0,0.745,51327.98236246513
2024-04-24,2024-04-23,1.0,0.756,52085.845189293475
2024-04-25,2024-04-24,1.0,0.751,51741.36208618968
2024-04-26,2024-04-25,1.0,0.771,53119.29449860485
2024-04-29,2024-04-26,1.0,0.795,54772.813393503064
2024-04-30,2024-04-29,1.0,0.786,54152.74380791623
2024-05-06,2024-04-30,1.0,0.796,54841.71001412382
2024-05-07,2024-05-06,1.0,0.788,54290.53704915775
2024-05-08,2024-05-07,1.0,0.779,53670.46746357092
2024-05-09,2024-05-08,1.0,0.796,54841.71001412382
2024-05-10,2024-05-09,1.0,0.785,54083.847187295476
2024-05-13,2024-05-10,1.0,0.781,53808.26070481244
2024-05-14,2024-05-13,1.0,0.777,53532.674222329406
2024-05-15,2024-05-14,1.0,0.766,52774.81139550106
2024-05-16,2024-05-15,1.0,0.764,52637.018154259546
2024-05-17,2024-05-16,1.0,0.772,53188.191119225616
2024-05-20,2024-05-17,1.0,0.771,53119.29449860485
2024-05-21,2024-05-20,1.0,0.765,52705.9147748803
2024-05-22,2024-05-21,1.0,0.772,53188.191119225616
2024-05-23,2024-05-22,1.0,0.76,52361.43167177651
2024-05-24,2024-05-23,1.0,0.745,51327.98236246513
2024-05-27,2024-05-24,1.0,0.755,52016.94856867271
2024-05-28,2024-05-27,1.0,0.752,51810.25870681044
2024-05-29,2024-05-28,1.0,0.752,51810.25870681044
2024-05-30,2024-05-29,1.0,0.759,52292.53505115575
2024-05-31,2024-05-30,1.0,0.761,52430.328292397266
2024-06-03,2024-05-31,1.0,0.768,52912.60463674258
2024-06-04,2024-06-03,1.0,0.771,53119.29449860485
2024-06-05,2024-06-04,1.0,0.769,52981.501257363336
2024-06-06,2024-06-05,1.0,0.762,52499.22491301803
2024-06-07,2024-06-06,1.0,0.757,52154.74180991423
2024-06-11,2024-06-07,1.0,0.776,53463.77760170864
2024-06-12,2024-06-11,1.0,0.774,53325.98436046713
2024-06-13,2024-06-12,1.0,0.779,53670.46746357092
2024-06-14,2024-06-13,1.0,0.773,53257.08773984637
2024-06-17,2024-06-14,1.0,0.775,53394.88098108789
2024-06-18,2024-06-17,1.0,0.775,53394.88098108789
2024-06-19,2024-06-18,1.0,0.77,53050.3978779841
2024-06-20,2024-06-19,1.0,0.775,53394.88098108789
2024-06-21,2024-06-20,1.0,0.776,53463.77760170864
2024-06-24,2024-06-21,1.0,0.757,52154.74180991423
2024-06-25,2024-06-24,1.0,0.735,50639.016156257545
2024-06-26,2024-06-25,1.0,0.748,51534.672224327405
2024-06-27,2024-06-26,1.0,0.733,50501.22291501603
2024-06-28,2024-06-27,1.0,0.731,50363.42967377451
2024-07-01,2024-06-28,1.0,0.728,50156.73981191223
2024-07-02,2024-07-01,1.0,0.717,49398.87698508389
2024-07-03,2024-07-02,1.0,0.719,49536.670226325405
2024-07-04,2024-07-03,1.0,0.707,48709.9107788763
2024-07-05,2024-07-04,1.0,0.716,49329.98036446313
2024-07-08,2024-07-05,1.0,0.709,48847.70402011782
2024-07-09,2024-07-08,1.0,0.727,50087.843191291475
2024-07-10,2024-07-09,1.0,0.727,50087.843191291475
2024-07-11,2024-07-10,1.0,0.736,50707.9127768783
2024-07-12,2024-07-11,1.0,0.737,50776.80939749906
2024-07-15,2024-07-12,1.0,0.733,50501.22291501603
2024-07-16,2024-07-15,1.0,0.749,51603.56884494817
2024-07-17,2024-07-16,1.0,0.747,51465.77560370665
2024-07-18,2024-07-17,1.0,0.753,51879.155327431195
2024-07-19,2024-07-18,1.0,0.769,52981.501257363336
2024-07-22,2024-07-19,1.0,0.77,53050.3978779841
2024-07-23,2024-07-22,1.0,0.739,50914.60263874058
2024-07-24,2024-07-23,1.0,0.73,50294.53305315375
2024-07-25,2024-07-24,1.0,0.732,50432.326294395265
2024-07-26,2024-07-25,1.0,0.738,50845.70601811982
2024-07-29,2024-07-26,1.0,0.724,49881.1533294292
2024-07-30,2024-07-29,1.0,0.728,50156.73981191223
2024-07-31,2024-07-30,1.0,0.763,52568.12153363878
2024-08-01,2024-07-31,1.0,0.758,52223.63843053499
2024-08-02,2024-08-01,1.0,0.745,51327.98236246513
2024-08-05,2024-08-02,1.0,0.722,49743.360088187685
2024-08-06,2024-08-05,1.0,0.732,50432.326294395265
2024-08-07,2024-08-06,1.0,0.726,50018.94657067071
2024-08-08,2024-08-07,1.0,0.728,50156.73981191223
2024-08-09,2024-08-08,1.0,0.725,49950.04995004996
2024-08-12,2024-08-09,1.0,0.727,50087.843191291475
2024-08-13,2024-08-12,1.0,0.73,50294.53305315375
2024-08-14,2024-08-13,1.0,0.72,49605.56684694617
2024-08-15,2024-08-14,1.0,0.726,50018.94657067071
2024-08-16,2024-08-15,1.0,0.724,49881.1533294292
2024-08-19,2024-08-16,1.0,0.722,49743.360088187685
2024-08-20,2024-08-19,1.0,0.712,49054.3938819801
2024-08-21,2024-08-20,1.0,0.71,48916.60064073858
2024-08-22,2024-08-21,1.0,0.704,48503.22091701403
2024-08-23,2024-08-22,1.0,0.704,48503.22091701403
2024-08-26,2024-08-23,1.0,0.7,48227.63443453099
2024-08-27,2024-08-26,1.0,0.692,47676.46146956492
2024-08-28,2024-08-27,1.0,0.688,47400.87498708189
2024-08-29,2024-08-28,1.0,0.697,48020.94457266872
2024-08-30,2024-08-29,1.0,0.711,48985.497261359335
2024-09-02,2024-08-30,1.0,0.688,47400.87498708189
2024-09-03,2024-09-02,1.0,0.693,47745.358090185684
2024-09-04,2024-09-03,1.0,0.69,47538.668228323404
2024-09-05,2024-09-04,1.0,0.689,47469.77160770265
2024-09-06,2024-09-05,1.0,0.68,46849.702022115824
2024-09-09,2024-09-06,1.0,0.673,46367.425677770516
2024-09-10,2024-09-09,1.0,0.677,46643.01216025355
2024-09-11,2024-09-10,1.0,0.681,46918.598642736586
2024-09-12,2024-09-11,1.0,0.676,46574.115539632796
2024-09-13,2024-09-12,1.0,0.67,46160.73581590824
2024-09-18,2024-09-13,1.0,0.663,45678.45947156293
2024-09-19,2024-09-18,1.0,0.668,46022.942574666726
2024-09-20,2024-09-19,1.0,0.664,45747.35609218369
2024-09-23,2024-09-20,1.0,0.66,45471.769609700656
2024-09-24,2024-09-23,1.0,0.684,47125.28850459886
2024-09-25,2024-09-24,1.0,0.683,47056.3918839781
2024-09-26,2024-09-25,1.0,0.711,48985.497261359335
2024-09-27,2024-09-26,1.0,0.762,52499.22491301803
2024-09-30,2024-09-27,1.0,0.914,62971.51124737333
2024-10-08,2024-09-30,1.0,1.097,75579.59282097215
2024-10-09,2024-10-08,1.0,1.023,70481.242895036
2024-10-10,2024-10-09,1.0,0.976,67243.10172586035
2024-10-11,2024-10-10,1.0,0.922,63522.6842123394
2024-10-14,2024-10-11,1.0,0.949,65382.89296909987
2024-10-15,2024-10-14,1.0,0.922,63522.6842123394
2024-10-16,2024-10-15,1.0,0.897,61800.268696820436
2024-10-17,2024-10-16,1.0,0.901,62075.855179303464
2024-10-18,2024-10-17,1.0,1.013,69792.27668882842
2024-10-21,2024-10-18,1.0,1.024,70550.13951565677
2024-10-22,2024-10-21,1.0,1.01,69585.58682696614
2024-10-23,2024-10-22,1.0,1.004,69172.2071032416
2024-10-24,2024-10-23,1.0,1.001,68965.51724137932
2024-10-25,2024-10-24,1.0,1.018,70136.75979193221
2024-10-28,2024-10-25,1.0,1.009,69516.69020634539
2024-10-29,2024-10-28,1.0,0.999,68827.72400013781
2024-10-30,2024-10-29,1.0,0.981,67587.58482896414
2024-10-31,2024-10-30,1.0,0.993,68414.34427641325
2024-11-01,2024-10-31,1.0,0.964,66416.34227841125
2024-11-04,2024-11-01,1.0,0.977,67311.99834648111
2024-11-05,2024-11-04,1.0,1.019,70205.65641255297
2024-11-06,2024-11-05,1.0,1.02,70274.55303317374
2024-11-07,2024-11-06,1.0,1.054,72617.03813427953
2024-11-08,2024-11-07,1.0,1.052,72479.244893038
2024-11-11,2024-11-08,1.0,1.099,75717.38606221366
2024-11-12,2024-11-11,1.0,1.077,74201.66040855697
2024-11-13,2024-11-12,1.0,1.087,74890.62661476455
2024-11-14,2024-11-13,1.0,1.052,72479.244893038
2024-11-15,2024-11-14,1.0,1.012,69723.38006820767
2024-11-18,2024-11-15,1.0,0.993,68414.34427641325
2024-11-19,2024-11-18,1.0,1.023,70481.242895036
2024-11-20,2024-11-19,1.0,1.027,70756.82937751904
2024-11-21,2024-11-20,1.0,1.035,71308.00234248511
2024-11-22,2024-11-21,1.0,0.996,68621.03413827553
2024-11-25,2024-11-22,1.0,0.982,67656.48144958491
2024-11-26,2024-11-25,1.0,0.975,67174.2051052396
2024-11-27,2024-11-26,1.0,1.01,69585.58682696614
2024-11-28,2024-11-27,1.0,1.008,69447.79358572463
2024-11-29,2024-11-28,1.0,1.033,71170.20910124358
2024-12-02,2024-11-29,1.0,1.041,71721.38206620966
2024-12-03,2024-12-02,1.0,1.03,70963.51923938132
2024-12-04,2024-12-03,1.0,1.023,70481.242895036
2024-12-05,2024-12-04,1.0,1.027,70756.82937751904
2024-12-06,2024-12-05,1.0,1.04,71652.48544558891
2024-12-09,2024-12-06,1.0,1.027,70756.82937751904
2024-12-10,2024-12-09,1.0,1.036,71376.89896310588
2024-12-11,2024-12-10,1.0,1.032,71101.31248062284
2024-12-12,2024-12-11,1.0,1.035,71308.00234248511
2024-12-13,2024-12-12,1.0,1.015,69930.06993006993
2024-12-16,2024-12-13,1.0,0.999,68827.72400013781
2024-12-17,2024-12-16,1.0,0.992,68345.4476557925
2024-12-18,2024-12-17,1.0,1.005,69241.10372386235
2024-12-19,2024-12-18,1.0,1.016,69998.9665506907
2024-12-20,2024-12-19,1.0,1.035,71308.00234248511
2024-12-23,2024-12-20,1.0,1.023,70481.242895036
2024-12-24,2024-12-23,1.0,1.039,71583.58882496814
2024-12-25,2024-12-24,1.0,1.042,71790.27868683042
2024-12-26,2024-12-25,1.0,1.052,72479.244893038
2024-12-27,2024-12-26,1.0,1.044,71928.07192807195
2024-12-30,2024-12-27,1.0,1.046,72065.86516931346
2024-12-31,2024-12-30,1.0,1.014,69861.17330944918
2025-01-02,2024-12-31,1.0,0.98,67518.68820834339
2025-01-03,2025-01-02,1.0,0.966,66554.13551965277
2025-01-06,2025-01-03,1.0,0.962,66278.54903716974
2025-01-07,2025-01-06,1.0,0.99,68207.65441455098
2025-01-08,2025-01-07,1.0,0.99,68207.65441455098
2025-01-09,2025-01-08,1.0,0.986,67932.06793206795
2025-01-10,2025-01-09,1.0,0.975,67174.2051052396
2025-01-13,2025-01-10,1.0,0.975,67174.2051052396
2025-01-14,2025-01-13,1.0,1.005,69241.10372386235
2025-01-15,2025-01-14,1.0,1.002,69034.41386200007
2025-01-16,2025-01-15,1.0,0.981,67587.58482896414
2025-01-17,2025-01-16,1.0,0.989,68138.75779393021
2025-01-20,2025-01-17,1.0,0.991,68276.55103517174
2025-01-21,2025-01-20,1.0,1.0,68896.62062075856
2025-01-22,2025-01-21,1.0,1.0,68896.62062075856
2025-01-23,2025-01-22,1.0,0.991,68276.55103517174
2025-01-24,2025-01-23,1.0,0.999,68827.72400013781
2025-01-27,2025-01-24,1.0,0.98,67518.68820834339
2025-02-05,2025-01-27,1.0,1.006,69310.00034448311
2025-02-06,2025-02-05,1.0,1.035,71308.00234248511
2025-02-07,2025-02-06,1.0,1.043,71859.17530745118
2025-02-10,2025-02-07,1.0,1.062,73168.2110992456
2025-02-11,2025-02-10,1.0,1.049,72272.55503117573
2025-02-12,2025-02-11,1.0,1.066,73443.79758172864
2025-02-13,2025-02-12,1.0,1.041,71721.38206620966
2025-02-14,2025-02-13,1.0,1.047,72134.76178993421
2025-02-17,2025-02-14,1.0,1.062,73168.2110992456
2025-02-18,2025-02-17,1.0,1.035,71308.00234248511
2025-02-19,2025-02-18,1.0,1.06,73030.41785800408
2025-02-20,2025-02-19,1.0,1.058,72892.62461676256
2025-02-21,2025-02-20,1.0,1.122,77302.00833649111
2025-02-24,2025-02-21,1.0,1.128,77715.38806021566
2025-02-25,2025-02-24,1.0,1.129,77784.28468083641
2025-02-26,2025-02-25,1.0,1.155,79575.59681697615
2025-02-27,2025-02-26,1.0,1.154,79506.70019635538
2025-02-28,2025-02-27,1.0,1.104,76061.86916531746
2025-03-03,2025-02-28,1.0,1.088,74959.52323538532
2025-03-04,2025-03-03,1.0,1.107,76268.55902717973
2025-03-05,2025-03-04,1.0,1.111,76544.14550966276
2025-03-06,2025-03-05,1.0,1.15,79231.11371387234
2025-03-07,2025-03-06,1.0,1.136,78266.56102518173
2025-03-10,2025-03-07,1.0,1.133,78059.87116331945
2025-03-11,2025-03-10,1.0,1.126,77577.59481897413
2025-03-12,2025-03-11,1.0,1.119,77095.31847462883
2025-03-13,2025-03-12,1.0,1.095,75441.79957973062
2025-03-14,2025-03-13,1.0,1.115,76819.7319921458
2025-03-17,2025-03-14,1.0,1.109,76406.35226842125
2025-03-18,2025-03-17,1.0,1.115,76819.7319921458
2025-03-19,2025-03-18,1.0,1.102,75924.07592407595
2025-03-20,2025-03-19,1.0,1.089,75028.41985600608
2025-03-21,2025-03-20,1.0,1.066,73443.79758172864
2025-03-24,2025-03-21,1.0,1.071,73788.28068483243
2025-03-25,2025-03-24,1.0,1.058,72892.62461676256
2025-03-26,2025-03-25,1.0,1.054,72617.03813427953
2025-03-27,2025-03-26,1.0,1.063,73237.10771986636
2025-03-28,2025-03-27,1.0,1.055,72685.93475490029
2025-03-31,2025-03-28,1.0,1.046,72065.86516931346
2025-04-01,2025-03-31,1.0,1.049,72272.55503117573
2025-04-02,2025-04-01,1.0,1.046,72065.86516931346
2025-04-03,2025-04-02,1.0,1.042,71790.27868683042
2025-04-07,2025-04-03,1.0,0.953,65658.47945158291
2025-04-08,2025-04-07,1.0,0.96,66140.75579592821
2025-04-09,2025-04-08,1.0,1.001,68965.51724137932
2025-04-10,2025-04-09,1.0,1.015,69930.06993006993
2025-04-11,2025-04-10,1.0,1.035,71308.00234248511
2025-04-14,2025-04-11,1.0,1.037,71445.79558372662
2025-04-15,2025-04-14,1.0,1.028,70825.72599813981
2025-04-16,2025-04-15,1.0,1.034,71239.10572186435
2025-04-17,2025-04-16,1.0,1.039,71583.58882496814
2025-04-18,2025-04-17,1.0,1.032,71101.31248062284
2025-04-21,2025-04-18,1.0,1.042,71790.27868683042
2025-04-22,2025-04-21,1.0,1.04,71652.48544558891
2025-04-23,2025-04-22,1.0,1.036,71376.89896310588
2025-04-24,2025-04-23,1.0,1.026,70687.93275689828
2025-04-25,2025-04-24,1.0,1.027,70756.82937751904
2025-04-28,2025-04-25,1.0,1.025,70619.03613627751
2025-04-29,2025-04-28,1.0,1.026,70687.93275689828
2025-04-30,2025-04-29,1.0,1.036,71376.89896310588
2025-05-06,2025-04-30,1.0,1.05,72341.4516517965
2025-05-07,2025-05-06,1.0,1.055,72685.93475490029
2025-05-08,2025-05-07,1.0,1.051,72410.34827241725
2025-05-09,2025-05-08,1.0,1.031,71032.41586000207
2025-05-12,2025-05-09,1.0,1.035,71308.00234248511
2025-05-13,2025-05-12,1.0,1.032,71101.31248062284
2025-05-14,2025-05-13,1.0,1.038,71514.69220434739
2025-05-15,2025-05-14,1.0,1.023,70481.242895036
2025-05-16,2025-05-15,1.0,1.017,70067.86317131146
2025-05-19,2025-05-16,1.0,1.019,70205.65641255297
2025-05-20,2025-05-19,1.0,1.021,70343.4496537945
2025-05-21,2025-05-20,1.0,1.018,70136.75979193221
2025-05-22,2025-05-21,1.0,1.012,69723.38006820767
2025-05-23,2025-05-22,1.0,1.004,69172.2071032416
2025-05-26,2025-05-23,1.0,1.01,69585.58682696614
2025-05-27,2025-05-26,1.0,1.001,68965.51724137932
2025-05-28,2025-05-27,1.0,0.998,68758.82737951705
2025-05-29,2025-05-28,1.0,1.014,69861.17330944918
2025-05-30,2025-05-29,1.0,1.005,69241.10372386235
2025-06-03,2025-05-30,1.0,1.008,69447.79358572463
2025-06-04,2025-06-03,1.0,1.014,69861.17330944918
2025-06-05,2025-06-04,1.0,1.025,70619.03613627751
2025-06-06,2025-06-05,1.0,1.021,70343.4496537945
2025-06-09,2025-06-06,1.0,1.027,70756.82937751904
2025-06-10,2025-06-09,1.0,1.007,69378.89696510386
2025-06-11,2025-06-10,1.0,1.006,69310.00034448311
2025-06-12,2025-06-11,1.0,1.002,69034.41386200007
2025-06-13,2025-06-12,1.0,0.997,68689.93075889628
2025-06-16,2025-06-13,1.0,0.995,68552.13751765477
2025-06-17,2025-06-16,1.0,0.988,68069.86117330946
2025-06-18,2025-06-17,1.0,0.992,68345.4476557925
2025-06-19,2025-06-18,1.0,0.988,68069.86117330946
2025-06-20,2025-06-19,1.0,0.982,67656.48144958491
2025-06-23,2025-06-20,1.0,0.986,67932.06793206795
2025-06-24,2025-06-23,1.0,1.003,69103.31048262083
2025-06-25,2025-06-24,1.0,1.022,70412.34627441525
2025-06-26,2025-06-25,1.0,1.016,69998.9665506907
2025-06-27,2025-06-26,1.0,1.013,69792.27668882842
2025-06-30,2025-06-27,1.0,1.029,70894.62261876055
2025-07-01,2025-06-30,1.0,1.021,70343.4496537945
2025-07-02,2025-07-01,1.0,1.009,69516.69020634539
2025-07-03,2025-07-02,1.0,1.009,69516.69020634539
2025-07-04,2025-07-03,1.0,1.01,69585.58682696614
2025-07-07,2025-07-04,1.0,1.004,69172.2071032416
2025-07-08,2025-07-07,1.0,1.017,70067.86317131146
2025-07-09,2025-07-08,1.0,1.009,69516.69020634539
2025-07-10,2025-07-09,1.0,1.007,69378.89696510386
2025-07-11,2025-07-10,1.0,1.02,70274.55303317374
2025-07-14,2025-07-11,1.0,1.019,70205.65641255297
2025-07-15,2025-07-14,1.0,1.022,70412.34627441525
2025-07-16,2025-07-15,1.0,1.024,70550.13951565677
2025-07-17,2025-07-16,1.0,1.031,71032.41586000207
2025-07-18,2025-07-17,1.0,1.033,71170.20910124358
2025-07-21,2025-07-18,1.0,1.034,71239.10572186435
2025-07-22,2025-07-21,1.0,1.043,71859.17530745118
2025-07-23,2025-07-22,1.0,1.047,72134.76178993421
2025-07-24,2025-07-23,1.0,1.06,73030.41785800408
2025-07-25,2025-07-24,1.0,1.082,74546.14351166078
2025-07-28,2025-07-25,1.0,1.083,74615.04013228152
2025-07-29,2025-07-28,1.0,1.097,75579.59282097215
2025-07-30,2025-07-29,1.0,1.085,74752.83337352304
2025-07-31,2025-07-30,1.0,1.074,73994.9705466947
2025-08-01,2025-07-31,1.0,1.064,73306.00434048711
2025-08-04,2025-08-01,1.0,1.077,74201.66040855697
2025-08-05,2025-08-04,1.0,1.082,74546.14351166078
2025-08-06,2025-08-05,1.0,1.087,74890.62661476455
2025-08-07,2025-08-06,1.0,1.085,74752.83337352304
2025-08-08,2025-08-07,1.0,1.07,73719.38406421167
2025-08-11,2025-08-08,1.0,1.077,74201.66040855697
2025-08-12,2025-08-11,1.0,1.098,75648.48944159292
2025-08-13,2025-08-12,1.0,1.107,76268.55902717973
2025-08-14,2025-08-13,1.0,1.113,76681.93875090429
2025-08-15,2025-08-14,1.0,1.131,77922.07792207794
2025-08-18,2025-08-15,1.0,1.158,79782.28667883841
2025-08-19,2025-08-18,1.0,1.143,78748.83736952704
2025-08-20,2025-08-19,1.0,1.179,81229.11571187434
2025-08-21,2025-08-20,1.0,1.18,81298.0123324951
2025-08-22,2025-08-21,1.0,1.295,89221.12370388233
2025-08-25,2025-08-22,1.0,1.325,91288.02232250509
2025-08-26,2025-08-25,1.0,1.305,89910.08991008993
2025-08-27,2025-08-26,1.0,1.305,89910.08991008993
2025-08-28,2025-08-27,1.0,1.403,96661.95873092426
2025-08-29,2025-08-28,1.0,1.381,95146.23307726758
2025-09-01,2025-08-29,1.0,1.398,96317.47562782046
2025-09-02,2025-09-01,1.0,1.363,93906.09390609393
2025-09-03,2025-09-02,1.0,1.335,91976.98852871268
2025-09-04,2025-09-03,1.0,1.252,86258.56901718971
2025-09-05,2025-09-04,1.0,1.296,89290.0203245031
2025-09-08,2025-09-05,1.0,1.297,89358.91694512386
2025-09-09,2025-09-08,1.0,1.277,87980.98453270868
2025-09-10,2025-09-09,1.0,1.29,88876.64060077856
2025-09-11,2025-09-10,1.0,1.361,93768.3006648524
2025-09-12,2025-09-11,1.0,1.372,94526.16349168075
2025-09-15,2025-09-12,1.0,1.377,94870.64659478454
2025-09-16,2025-09-15,1.0,1.394,96041.88914533744
2025-09-17,2025-09-16,1.0,1.406,96868.64859278653
2025-09-18,2025-09-17,1.0,1.415,97488.71817837337
2025-09-19,2025-09-18,1.0,1.398,96317.47562782046
2025-09-22,2025-09-19,1.0,1.447,99693.41003823765
2025-09-23,2025-09-22,1.0,1.442,99348.92693513384
2025-09-24,2025-09-23,1.0,1.495,103000.44782803406
2025-09-25,2025-09-24,1.0,1.513,104240.5869992077
2025-09-26,2025-09-25,1.0,1.493,102862.65458679255
2025-09-29,2025-09-26,1.0,1.51,104033.89713734543
2025-09-30,2025-09-29,1.0,1.537,105894.1058941059
2025-10-09,2025-09-30,1.0,1.581,108925.55720141929
2025-10-10,2025-10-09,1.0,1.498,103207.13768989634
2025-10-13,2025-10-10,1.0,1.513,104240.5869992077
2025-10-14,2025-10-13,1.0,1.451,99968.99652072068
2025-10-15,2025-10-14,1.0,1.467,101071.34245065282
2025-10-16,2025-10-15,1.0,1.455,100244.58300320372
2025-10-17,2025-10-16,1.0,1.388,95628.50942161288
2025-10-20,2025-10-17,1.0,1.393,95972.99252471668
2025-10-21,2025-10-20,1.0,1.43,98522.16748768474
2025-10-22,2025-10-21,1.0,1.429,98453.27086706398
2025-10-23,2025-10-22,1.0,1.424,98108.7877639602
2025-10-24,2025-10-23,1.0,1.487,102449.27486306799
2025-10-27,2025-10-24,1.0,1.509,103965.00051672467
2025-10-28,2025-10-27,1.0,1.496,103069.34444865481
2025-10-29,2025-10-28,1.0,1.515,104378.38024044922
2025-10-30,2025-10-29,1.0,1.488,102518.17148368874
2025-10-31,2025-10-30,1.0,1.442,99348.92693513384
2025-11-03,2025-10-31,1.0,1.425,98177.68438458096
2025-11-04,2025-11-03,1.0,1.411,97213.13169589033
2025-11-05,2025-11-04,1.0,1.414,97419.8215577526
2025-11-06,2025-11-05,1.0,1.462,100726.85934754902
2025-11-07,2025-11-06,1.0,1.442,99348.92693513384
2025-11-10,2025-11-07,1.0,1.432,98659.96072892626
2025-11-11,2025-11-10,1.0,1.412,97282.02831651109
2025-11-12,2025-11-11,1.0,1.405,96799.75197216579
2025-11-13,2025-11-12,1.0,1.423,98039.89114333944
2025-11-14,2025-11-13,1.0,1.387,95559.61280099212
2025-11-17,2025-11-14,1.0,1.378,94939.5432154053
2025-11-18,2025-11-17,1.0,1.383,95284.02631850909
2025-11-19,2025-11-18,1.0,1.369,94319.47362981847
2025-11-20,2025-11-19,1.0,1.352,93148.23107926559
2025-11-21,2025-11-20,1.0,1.308,90116.7797719522
2025-11-24,2025-11-21,1.0,1.317,90736.84935753903
2025-11-25,2025-11-24,1.0,1.325,91288.02232250509
2025-11-26,2025-11-25,1.0,1.34,92321.47163181649
2025-11-27,2025-11-26,1.0,1.336,92045.88514933345
2025-11-28,2025-11-27,1.0,1.35,93010.43783802407
2025-12-01,2025-11-28,1.0,1.36,93699.40404423165
2025-12-02,2025-12-01,1.0,1.343,92528.16149367875
2025-12-03,2025-12-02,1.0,1.333,91839.19528747116
2025-12-04,2025-12-03,1.0,1.349,92941.5412174033
2025-12-05,2025-12-04,1.0,1.351,93079.33445864482
2025-12-08,2025-12-05,1.0,1.376,94801.74997416377
2025-12-09,2025-12-08,1.0,1.371,94457.26687106
2025-12-10,2025-12-09,1.0,1.371,94457.26687106
2025-12-11,2025-12-10,1.0,1.35,93010.43783802407
2025-12-12,2025-12-11,1.0,1.372,94526.16349168075
2025-12-15,2025-12-12,1.0,1.343,92528.16149367875
2025-12-16,2025-12-15,1.0,1.318,90805.74597815979
2025-12-17,2025-12-16,1.0,1.351,93079.33445864482
2025-12-18,2025-12-17,1.0,1.331,91701.40204622965
2025-12-19,2025-12-18,1.0,1.336,92045.88514933345
2025-12-22,2025-12-19,1.0,1.361,93768.3006648524
2025-12-23,2025-12-22,1.0,1.365,94043.88714733544
2025-12-24,2025-12-23,1.0,1.378,94939.5432154053
2025-12-25,2025-12-24,1.0,1.376,94801.74997416377
2025-12-26,2025-12-25,1.0,1.374,94663.95673292228
2025-12-29,2025-12-26,1.0,1.373,94595.06011230151
2025-12-30,2025-12-29,1.0,1.387,95559.61280099212
2025-12-31,2025-12-30,1.0,1.372,94526.16349168075
2026-01-05,2025-12-31,1.0,1.43,98522.16748768474
2026-01-06,2026-01-05,1.0,1.457,100382.37624444523
2026-01-07,2026-01-06,1.0,1.471,101346.92893313586
2026-01-08,2026-01-07,1.0,1.483,102173.68838058495
2026-01-09,2026-01-08,1.0,1.505,103689.41403424164
2026-01-12,2026-01-09,1.0,1.541,106169.69237658894
2026-01-13,2026-01-12,1.0,1.499,103276.03431051709
2026-01-14,2026-01-13,1.0,1.53,105411.8295497606
2026-01-15,2026-01-14,1.0,1.522,104860.65658479453
2026-01-16,2026-01-15,1.0,1.542,106238.5889972097
2026-01-19,2026-01-16,1.0,1.536,105825.20927348516
2026-01-20,2026-01-19,1.0,1.51,104033.89713734543
2026-01-21,2026-01-20,1.0,1.565,107823.21127148715
2026-01-22,2026-01-21,1.0,1.571,108236.5909952117
2026-01-23,2026-01-22,1.0,1.583,109063.3504426608
2026-01-26,2026-01-23,1.0,1.564,107754.31465086639
2026-01-27,2026-01-26,1.0,1.587,109338.93692514383
2026-01-28,2026-01-27,1.0,1.583,109063.3504426608
2026-01-29,2026-01-28,1.0,1.54,106100.7957559682
2026-01-30,2026-01-29,1.0,1.538,105963.00251472667
2026-02-02,2026-01-30,1.0,1.481,102035.89513934344
2026-02-03,2026-02-02,1.0,1.499,103276.03431051709
2026-02-04,2026-02-03,1.0,1.484,102242.5850012057
2026-02-05,2026-02-04,1.0,1.461,100657.96272692826
2026-02-06,2026-02-05,1.0,1.45,99900.09990009991
2026-02-09,2026-02-06,1.0,1.486,102380.37824244723
2026-02-10,2026-02-09,1.0,1.5,103344.93093113785
2026-02-11,2026-02-10,1.0,1.486,102380.37824244723
2026-02-12,2026-02-11,1.0,1.51,104033.89713734543
2026-02-13,2026-02-12,1.0,1.5,103344.93093113785
2026-02-24,2026-02-13,1.0,1.495,103000.44782803406
2026-02-25,2026-02-24,1.0,1.503,103551.62079300011
2026-02-26,2026-02-25,1.0,1.516,104447.27686106999
2026-02-27,2026-02-26,1.0,1.519,104653.96672293225
2026-03-02,2026-02-27,1.0,1.496,103069.34444865481
2026-03-03,2026-03-02,1.0,1.42,97833.20128147716
2026-03-04,2026-03-03,1.0,1.413,97350.92493713186
2026-03-05,2026-03-04,1.0,1.436,98935.5472114093
2026-03-06,2026-03-05,1.0,1.444,99486.72017637537
2026-03-09,2026-03-06,1.0,1.421,97902.09790209793
2026-03-10,2026-03-09,1.0,1.449,99831.20327947916
2026-03-11,2026-03-10,1.0,1.432,98659.96072892626
2026-03-12,2026-03-11,1.0,1.412,97282.02831651109
2026-03-13,2026-03-12,1.0,1.406,96868.64859278653
2026-03-16,2026-03-13,1.0,1.413,97350.92493713186
2026-03-17,2026-03-16,1.0,1.384,95352.92293912984
2026-03-18,2026-03-17,1.0,1.4,96455.26886906198
2026-03-19,2026-03-18,1.0,1.368,94250.57700919772
2026-03-20,2026-03-19,1.0,1.345,92665.95473492026
2026-03-23,2026-03-20,1.0,1.291,88945.5372213993
2026-03-24,2026-03-23,1.0,1.317,90736.84935753903
2026-03-25,2026-03-24,1.0,1.343,92528.16149367875
2026-03-26,2026-03-25,1.0,1.316,90667.95273691828
2026-03-27,2026-03-26,1.0,1.329,91563.60880498812
2026-03-30,2026-03-27,1.0,1.318,90805.74597815979
2026-03-31,2026-03-30,1.0,1.285,88532.15749767475
2026-04-01,2026-03-31,1.0,1.326,91356.91894312586
2026-04-02,2026-04-01,1.0,1.29,88876.64060077856
2026-04-03,2026-04-02,1.0,1.285,88532.15749767475
2026-04-07,2026-04-03,1.0,1.302,89703.40004822765
2026-04-08,2026-04-07,1.0,1.383,95284.02631850909
2026-04-09,2026-04-08,1.0,1.373,94595.06011230151
2026-04-10,2026-04-09,1.0,1.393,95972.99252471668
2026-04-13,2026-04-10,1.0,1.404,96730.85535154502
2026-04-14,2026-04-13,1.0,1.435,98866.65059078854
2026-04-15,2026-04-14,1.0,1.437,99004.44383203005
2026-04-16,2026-04-15,1.0,1.455,100244.58300320372
2026-04-17,2026-04-16,1.0,1.454,100175.68638258295
2026-04-20,2026-04-17,1.0,1.482,102104.7917599642
2026-04-21,2026-04-20,1.0,1.458,100451.27286506598
2026-04-22,2026-04-21,1.0,1.482,102104.7917599642
2026-04-23,2026-04-22,1.0,1.463,100795.75596816979
2026-04-24,2026-04-23,1.0,1.485,102311.48162182648
2026-04-27,2026-04-24,1.0,1.544,106376.38223845123
2026-04-28,2026-04-27,1.0,1.52,104722.86334355302
2026-04-29,2026-04-28,1.0,1.526,105136.24306727757
2026-04-30,2026-04-29,1.0,1.603,110441.28285507597
2026-05-06,2026-04-30,1.0,1.691,116504.18546970273
2026-05-07,2026-05-06,1.0,1.715,118157.70436460094
2026-05-08,2026-05-07,1.0,1.677,115539.63278101211
2026-05-11,2026-05-08,1.0,1.754,120844.67256881052
2026-05-12,2026-05-11,1.0,1.761,121326.94891315582
2026-05-13,2026-05-12,1.0,1.808,124565.09008233149
2026-05-14,2026-05-13,1.0,1.762,121395.84553377659
2026-05-15,2026-05-14,1.0,1.733,119397.84353577459
2026-05-18,2026-05-15,1.0,1.747,120362.39622446522
2026-05-19,2026-05-18,1.0,1.815,125047.36642667679
2026-05-20,2026-05-19,1.0,1.87,128836.68056081852
2026-05-21,2026-05-20,1.0,1.804,124289.50359984845
2026-05-22,2026-05-21,1.0,1.83,126080.81573598817
2026-05-25,2026-05-22,1.0,1.936,133383.85752178857
2026-05-26,2026-05-25,1.0,1.913,131799.23524751113
2026-05-27,2026-05-26,1.0,1.857,127941.02449274865
2026-05-28,2026-05-27,1.0,1.884,129801.23324950913
2026-05-29,2026-05-28,1.0,1.791,123393.84753177858
2026-06-01,2026-05-29,1.0,1.702,117262.04829653107
2026-06-02,2026-06-01,1.0,1.727,118984.46381205005
2026-06-03,2026-06-02,1.0,1.767,121740.32863688038
2026-06-04,2026-06-03,1.0,1.776,122360.3982224672
2026-06-05,2026-06-04,1.0,1.707,117606.53139963487
2026-06-08,2026-06-05,1.0,1.634,112577.07809431948
2026-06-09,2026-06-08,1.0,1.701,117193.15167591033
2026-06-10,2026-06-09,1.0,1.691,116504.18546970273
2026-06-11,2026-06-10,1.0,1.701,117193.15167591033
2026-06-12,2026-06-11,1.0,1.701,117193.15167591033
2026-06-15,2026-06-12,1.0,1.788,123187.15766991631
2026-06-16,2026-06-15,1.0,1.797,123807.22725550314
2026-06-17,2026-06-16,1.0,1.878,129387.85352578458
2026-06-18,2026-06-17,1.0,1.953,134555.10007234148
2026-06-22,2026-06-18,1.0,1.99,137104.27503530955
2026-06-23,2026-06-22,1.0,1.956,134761.78993420376
2026-06-24,2026-06-23,1.0,2.036,140273.51958386443
2026-06-25,2026-06-24,1.0,2.115,145716.3526129044
2026-06-26,2026-06-25,1.0,2.078,143167.1776499363
2026-06-29,2026-06-26,1.0,2.18,150194.6329532537
2026-06-30,2026-06-29,1.0,2.273,156602.01867098422
2026-07-01,2026-06-30,1.0,2.218,152812.7045368425
2026-07-02,2026-07-01,1.0,2.048,141100.27903131355
2026-07-03,2026-07-02,1.0,2.037,140342.4162044852
2026-07-06,2026-07-03,1.0,2.054,141513.65875503808
2026-07-07,2026-07-06,1.0,2.062,142064.83172000415
2026-07-08,2026-07-07,1.0,2.078,143167.1776499363
2026-07-09,2026-07-08,1.0,2.259,155637.4659822936
2026-07-10,2026-07-09,1.0,2.141,147507.66474904408
2026-07-13,2026-07-10,1.0,2.036,140273.51958386443
2026-07-14,2026-07-13,1.0,2.065,142271.52158186643
2026-07-15,2026-07-14,1.0,1.966,135450.75614041134
2026-07-16,2026-07-15,1.0,1.888,130076.81973199216
2026-07-17,2026-07-16,1.0,1.753,120775.77594818975
2026-07-20,2026-07-17,1.0,1.76,121258.05229253507
2026-07-21,2026-07-20,1.0,1.952,134486.2034517207
2026-07-22,2026-07-21,1.0,1.894,130490.19945571672
2026-07-23,2026-07-22,1.0,1.834,126356.40221847121
2026-07-24,2026-07-23,1.0,1.826,125805.22925350514
2026-07-27,2026-07-24,1.0,1.848,127320.95490716184
2026-07-28,2026-07-27,1.0,1.733,119397.84353577459
2026-07-29,2026-07-28,1.0,1.723,118708.87732956701
2026-07-30,2026-07-29,1.0,1.619,111543.62878500811
2026-07-31,2026-07-30,1.0,1.676,115470.73616039135
2026-08-03,2026-07-31,1.0,1.586,109270.04030452309
2026-08-04,2026-08-03,1.0,1.655,114023.90712735543
2026-08-05,2026-08-04,1.0,1.731,119260.05029453308
2026-08-06,2026-08-05,1.0,1.739,119811.22325949915
2026-08-07,2026-08-06,1.0,1.783,122842.67456681251
2026-08-10,2026-08-07,1.0,1.777,122429.29484308796
2026-08-11,2026-08-10,1.0,1.751,120637.98270694824
2026-08-12,2026-08-11,1.0,1.777,122429.29484308796
2026-08-13,2026-08-12,1.0,1.758,121120.25905129356
2026-08-14,2026-08-13,1.0,1.758,121120.25905129356
2026-08-17,2026-08-14,1.0,1.83,126080.81573598817
2026-08-18,2026-08-17,1.0,1.832,126218.6089772297
2026-08-19,2026-08-18,1.0,1.707,117606.53139963487
2026-08-20,2026-08-19,1.0,1.692,116573.08209032349
2026-08-21,2026-08-20,1.0,1.692,116573.08209032349
2026-08-24,2026-08-21,1.0,1.641,113059.3544386648
2026-08-25,2026-08-24,1.0,1.643,113197.14767990632
2026-08-26,2026-08-25,1.0,1.671,115126.25305728757
2026-08-27,2026-08-26,1.0,1.732,119328.94691515384
2026-08-28,2026-08-27,1.0,1.703,117330.94491715184
2026-08-31,2026-08-28,1.0,1.72,118502.18746770473
2026-09-01,2026-08-31,1.0,1.688,116297.49560784045
2026-09-02,2026-09-01,1.0,1.657,114161.70036859694
