factor,type,origin_weight,raw_signal,primary,factor_kind,coverage,active_days,active_ratio,status,canonical_factor,independent_events,years,half_year_windows
raw__30m__cxt_bi_status_V230101,ex04_base,0.05947026720107206,,,,,,,,,,,
raw__30m__cxt_third_buy_V230228__di_1,ex04_base,0.05961894286907473,,,,,,,,,,,
raw__daily__cxt_bi_status_V230101,ex04_base,0.04757621376085765,,,,,,,,,,,
raw__daily__cxt_five_bi_V230619__di_1,ex04_base,0.05976947698292745,,,,,,,,,,,
raw__daily__cxt_seven_bi_V230620__di_1,ex04_base,0.04757621376085765,,,,,,,,,,,
raw__daily__tas_ma_base_V221101__di_1__ma_type_SMA__timeperiod_5,ex04_base,0.08370999965363214,,,,,,,,,,,
raw__daily__tas_ma_base_V221101__di_1__ma_type_SMA__timeperiod_10,ex04_base,0.07136432064128646,,,,,,,,,,,
raw__daily__tas_ma_base_V221101__di_1__ma_type_SMA__timeperiod_20,ex04_base,0.07136432064128646,,,,,,,,,,,
raw__daily__tas_macd_base_V221028__di_1__fastperiod_12__signalperiod_9__slowperiod_26,ex04_base,0.07136432064128646,,,,,,,,,,,
raw__daily__vol_window_V230731__di_1__m_30__n_10__w_5,ex04_base,0.19030485504343062,,,,,,,,,,,
raw__daily__pressure_support_V240406__di_1__w_20,ex04_base,0.19030485504343062,,,,,,,,,,,
raw__weekly__cxt_bi_status_V230101,ex04_base,0.04757621376085765,,,,,,,,,,,
state__raw__30m__cxt_bi_status_V230101::向上,state,0.0,raw__30m__cxt_bi_status_V230101,向上,state,0.9502407704654896,505.0,0.40529695024077045,candidate,state__raw__30m__cxt_bi_status_V230101::向上,,,
state__raw__30m__cxt_bi_status_V230101::向下,state,0.0,raw__30m__cxt_bi_status_V230101,向下,state,0.9502407704654896,679.0,0.5449438202247191,candidate,state__raw__30m__cxt_bi_status_V230101::向下,,,
state__raw__30m__cxt_third_buy_V230228__di_1::三买,state,0.0,raw__30m__cxt_third_buy_V230228__di_1,三买,event,0.9502407704654896,100.0,0.08025682182985554,candidate,state__raw__30m__cxt_third_buy_V230228__di_1::三买,68.0,"[2021, 2022, 2023, 2024, 2025]","['2021H1', '2021H2', '2022H1', '2022H2', '2023H1', '2023H2', '2024H1', '2024H2', '2025H1', '2025H2']"
state__raw__30m__cxt_third_buy_V230228__di_1::其他,state,0.0,raw__30m__cxt_third_buy_V230228__di_1,其他,state,0.9502407704654896,1084.0,0.869983948635634,candidate,state__raw__30m__cxt_third_buy_V230228__di_1::其他,,,
state__raw__daily__bar_accelerate_V221110__di_1::上涨,state,0.0,raw__daily__bar_accelerate_V221110__di_1,上涨,state,0.9759229534510433,32.0,0.025682182985553772,candidate,state__raw__daily__bar_accelerate_V221110__di_1::上涨,,,
state__raw__daily__bar_trend_V240209__di_1::其他,state,0.0,raw__daily__bar_trend_V240209__di_1,其他,state,0.9759229534510433,917.0,0.7359550561797753,candidate,state__raw__daily__bar_trend_V240209__di_1::其他,,,
state__raw__daily__bar_trend_V240209__di_1::多头,state,0.0,raw__daily__bar_trend_V240209__di_1,多头,state,0.9759229534510433,119.0,0.09550561797752809,candidate,state__raw__daily__bar_trend_V240209__di_1::多头,,,
state__raw__daily__bar_trend_V240209__di_1::空头,state,0.0,raw__daily__bar_trend_V240209__di_1,空头,state,0.9759229534510433,180.0,0.14446227929373998,candidate,state__raw__daily__bar_trend_V240209__di_1::空头,,,
state__raw__daily__bar_zdf_V221203__di_1::满足,state,0.0,raw__daily__bar_zdf_V221203__di_1,满足,state,0.9759229534510433,40.0,0.03210272873194221,candidate,state__raw__daily__bar_zdf_V221203__di_1::满足,,,
state__raw__daily__cxt_bi_base_V230228__di_1::向上,state,0.0,raw__daily__cxt_bi_base_V230228__di_1,向上,state,0.9759229534510433,597.0,0.47913322632423755,candidate,state__raw__daily__cxt_bi_base_V230228__di_1::向上,,,
state__raw__daily__cxt_bi_base_V230228__di_1::向下,state,0.0,raw__daily__cxt_bi_base_V230228__di_1,向下,state,0.9759229534510433,604.0,0.48475120385232745,candidate,state__raw__daily__cxt_bi_base_V230228__di_1::向下,,,
state__raw__daily__cxt_bi_end_V230222__di_1::其他,state,0.0,raw__daily__cxt_bi_end_V230222__di_1,其他,state,0.9759229534510433,719.0,0.5770465489566613,candidate,state__raw__daily__cxt_bi_end_V230222__di_1::其他,,,
state__raw__daily__cxt_bi_end_V230222__di_1::新低,state,0.0,raw__daily__cxt_bi_end_V230222__di_1,新低,state,0.9759229534510433,252.0,0.20224719101123595,candidate,state__raw__daily__cxt_bi_end_V230222__di_1::新低,,,
state__raw__daily__cxt_bi_end_V230222__di_1::新高,state,0.0,raw__daily__cxt_bi_end_V230222__di_1,新高,state,0.9759229534510433,245.0,0.19662921348314608,candidate,state__raw__daily__cxt_bi_end_V230222__di_1::新高,,,
state__raw__daily__cxt_bi_status_V230101::向上,state,0.0,raw__daily__cxt_bi_status_V230101,向上,state,0.9759229534510433,542.0,0.434991974317817,candidate,state__raw__daily__cxt_bi_status_V230101::向上,,,
state__raw__daily__cxt_bi_status_V230101::向下,state,0.0,raw__daily__cxt_bi_status_V230101,向下,state,0.9759229534510433,659.0,0.528892455858748,candidate,state__raw__daily__cxt_bi_status_V230101::向下,,,
state__raw__daily__cxt_first_buy_V221126__di_1::一买,state,0.0,raw__daily__cxt_first_buy_V221126__di_1,一买,event,0.9759229534510433,81.0,0.06500802568218299,candidate,state__raw__daily__cxt_first_buy_V221126__di_1::一买,17.0,"[2022, 2023, 2025]","['2022H1', '2023H1', '2023H2', '2025H1']"
state__raw__daily__cxt_first_sell_V221126__di_1::一卖,state,0.0,raw__daily__cxt_first_sell_V221126__di_1,一卖,event,0.9759229534510433,56.0,0.0449438202247191,candidate,state__raw__daily__cxt_first_sell_V221126__di_1::一卖,11.0,"[2021, 2023, 2025]","['2021H2', '2023H1', '2025H1', '2025H2']"
state__raw__daily__cxt_five_bi_V230619__di_1::aAb式底背驰,state,0.0,raw__daily__cxt_five_bi_V230619__di_1,aAb式底背驰,event,0.9759229534510433,64.0,0.051364365971107544,candidate,state__raw__daily__cxt_five_bi_V230619__di_1::aAb式底背驰,13.0,"[2022, 2023, 2024, 2025]","['2022H1', '2023H1', '2023H2', '2024H2', '2025H1', '2025H2']"
state__raw__daily__cxt_five_bi_V230619__di_1::aAb式顶背驰,state,0.0,raw__daily__cxt_five_bi_V230619__di_1,aAb式顶背驰,event,0.9759229534510433,24.0,0.019261637239165328,candidate,state__raw__daily__cxt_five_bi_V230619__di_1::aAb式顶背驰,6.0,"[2021, 2022, 2023, 2025]","['2021H2', '2022H1', '2023H1', '2025H2']"
state__raw__daily__cxt_five_bi_V230619__di_1::上颈线突破,state,0.0,raw__daily__cxt_five_bi_V230619__di_1,上颈线突破,state,0.9759229534510433,72.0,0.05778491171749599,candidate,state__raw__daily__cxt_five_bi_V230619__di_1::上颈线突破,,,
state__raw__daily__cxt_five_bi_V230619__di_1::下颈线突破,state,0.0,raw__daily__cxt_five_bi_V230619__di_1,下颈线突破,state,0.9759229534510433,92.0,0.0738362760834671,candidate,state__raw__daily__cxt_five_bi_V230619__di_1::下颈线突破,,,
state__raw__daily__cxt_five_bi_V230619__di_1::其他,state,0.0,raw__daily__cxt_five_bi_V230619__di_1,其他,state,0.9759229534510433,856.0,0.6869983948635634,candidate,state__raw__daily__cxt_five_bi_V230619__di_1::其他,,,
state__raw__daily__cxt_five_bi_V230619__di_1::类三买,state,0.0,raw__daily__cxt_five_bi_V230619__di_1,类三买,event,0.9759229534510433,27.0,0.021669341894060994,candidate,state__raw__daily__cxt_five_bi_V230619__di_1::类三买,6.0,"[2021, 2022, 2023, 2024, 2025]","['2021H2', '2022H2', '2023H1', '2024H2', '2025H2']"
state__raw__daily__cxt_five_bi_V230619__di_1::类三卖,state,0.0,raw__daily__cxt_five_bi_V230619__di_1,类三卖,event,0.9759229534510433,51.0,0.040930979133226325,candidate,state__raw__daily__cxt_five_bi_V230619__di_1::类三卖,15.0,"[2021, 2022, 2023, 2024]","['2021H1', '2021H2', '2022H1', '2022H2', '2023H2', '2024H1']"
state__raw__daily__cxt_five_bi_V230619__di_1::类趋势底背驰,state,0.0,raw__daily__cxt_five_bi_V230619__di_1,类趋势底背驰,event,0.9759229534510433,17.0,0.013643659711075442,candidate,state__raw__daily__cxt_five_bi_V230619__di_1::类趋势底背驰,4.0,"[2022, 2023]","['2022H1', '2023H1', '2023H2']"
state__raw__daily__cxt_five_bi_V230619__di_1::类趋势顶背驰,state,0.0,raw__daily__cxt_five_bi_V230619__di_1,类趋势顶背驰,event,0.9759229534510433,13.0,0.01043338683788122,candidate,state__raw__daily__cxt_five_bi_V230619__di_1::类趋势顶背驰,5.0,"[2021, 2025]","['2021H2', '2025H2']"
state__raw__daily__cxt_fx_power_V221107__di_1::中底,state,0.0,raw__daily__cxt_fx_power_V221107__di_1,中底,state,0.9759229534510433,189.0,0.15168539325842698,candidate,state__raw__daily__cxt_fx_power_V221107__di_1::中底,,,
state__raw__daily__cxt_fx_power_V221107__di_1::中顶,state,0.0,raw__daily__cxt_fx_power_V221107__di_1,中顶,state,0.9759229534510433,272.0,0.21829855537720708,candidate,state__raw__daily__cxt_fx_power_V221107__di_1::中顶,,,
state__raw__daily__cxt_fx_power_V221107__di_1::弱底,state,0.0,raw__daily__cxt_fx_power_V221107__di_1,弱底,state,0.9759229534510433,157.0,0.1260032102728732,candidate,state__raw__daily__cxt_fx_power_V221107__di_1::弱底,,,
state__raw__daily__cxt_fx_power_V221107__di_1::弱顶,state,0.0,raw__daily__cxt_fx_power_V221107__di_1,弱顶,state,0.9759229534510433,194.0,0.15569823434991975,candidate,state__raw__daily__cxt_fx_power_V221107__di_1::弱顶,,,
state__raw__daily__cxt_fx_power_V221107__di_1::强底,state,0.0,raw__daily__cxt_fx_power_V221107__di_1,强底,state,0.9759229534510433,224.0,0.1797752808988764,candidate,state__raw__daily__cxt_fx_power_V221107__di_1::强底,,,
state__raw__daily__cxt_fx_power_V221107__di_1::强顶,state,0.0,raw__daily__cxt_fx_power_V221107__di_1,强顶,state,0.9759229534510433,180.0,0.14446227929373998,candidate,state__raw__daily__cxt_fx_power_V221107__di_1::强顶,,,
state__raw__daily__cxt_seven_bi_V230620__di_1::aAbcd式底背驰,state,0.0,raw__daily__cxt_seven_bi_V230620__di_1,aAbcd式底背驰,event,0.9759229534510433,14.0,0.011235955056179775,candidate,state__raw__daily__cxt_seven_bi_V230620__di_1::aAbcd式底背驰,3.0,"[2022, 2023]","['2022H1', '2023H2']"
state__raw__daily__cxt_seven_bi_V230620__di_1::aAbcd式顶背驰,state,0.0,raw__daily__cxt_seven_bi_V230620__di_1,aAbcd式顶背驰,event,0.9759229534510433,5.0,0.0040128410914927765,candidate,state__raw__daily__cxt_seven_bi_V230620__di_1::aAbcd式顶背驰,1.0,[2021],['2021H2']
state__raw__daily__cxt_seven_bi_V230620__di_1::aAb式底背驰,state,0.0,raw__daily__cxt_seven_bi_V230620__di_1,aAb式底背驰,event,0.9759229534510433,22.0,0.01765650080256822,candidate,state__raw__daily__cxt_seven_bi_V230620__di_1::aAb式底背驰,8.0,"[2023, 2024]","['2023H2', '2024H1', '2024H2']"
state__raw__daily__cxt_seven_bi_V230620__di_1::aAb式顶背驰,state,0.0,raw__daily__cxt_seven_bi_V230620__di_1,aAb式顶背驰,event,0.9759229534510433,3.0,0.002407704654895666,candidate,state__raw__daily__cxt_seven_bi_V230620__di_1::aAb式顶背驰,1.0,[2023],['2023H1']
state__raw__daily__cxt_seven_bi_V230620__di_1::abcAd式底背驰,state,0.0,raw__daily__cxt_seven_bi_V230620__di_1,abcAd式底背驰,event,0.9759229534510433,26.0,0.02086677367576244,candidate,state__raw__daily__cxt_seven_bi_V230620__di_1::abcAd式底背驰,5.0,"[2022, 2023]","['2022H1', '2023H1', '2023H2']"
state__raw__daily__cxt_seven_bi_V230620__di_1::abcAd式顶背驰,state,0.0,raw__daily__cxt_seven_bi_V230620__di_1,abcAd式顶背驰,event,0.9759229534510433,11.0,0.00882825040128411,candidate,state__raw__daily__cxt_seven_bi_V230620__di_1::abcAd式顶背驰,2.0,[2021],['2021H2']
state__raw__daily__cxt_seven_bi_V230620__di_1::其他,state,0.0,raw__daily__cxt_seven_bi_V230620__di_1,其他,state,0.9759229534510433,1038.0,0.8330658105939005,candidate,state__raw__daily__cxt_seven_bi_V230620__di_1::其他,,,
state__raw__daily__cxt_seven_bi_V230620__di_1::向下中枢完成,state,0.0,raw__daily__cxt_seven_bi_V230620__di_1,向下中枢完成,state,0.9759229534510433,38.0,0.030497592295345103,candidate,state__raw__daily__cxt_seven_bi_V230620__di_1::向下中枢完成,,,
state__raw__daily__cxt_seven_bi_V230620__di_1::类三买,state,0.0,raw__daily__cxt_seven_bi_V230620__di_1,类三买,event,0.9759229534510433,12.0,0.009630818619582664,candidate,state__raw__daily__cxt_seven_bi_V230620__di_1::类三买,5.0,"[2021, 2023, 2025]","['2021H2', '2023H1', '2025H2']"
state__raw__daily__cxt_seven_bi_V230620__di_1::类三卖,state,0.0,raw__daily__cxt_seven_bi_V230620__di_1,类三卖,event,0.9759229534510433,20.0,0.016051364365971106,candidate,state__raw__daily__cxt_seven_bi_V230620__di_1::类三卖,5.0,"[2021, 2022, 2023]","['2021H2', '2022H1', '2023H2']"
state__raw__daily__pressure_support_V240406__di_1__w_20::其他,state,0.0,raw__daily__pressure_support_V240406__di_1__w_20,其他,state,0.9759229534510433,1002.0,0.8041733547351525,candidate,state__raw__daily__pressure_support_V240406__di_1__w_20::其他,,,
state__raw__daily__pressure_support_V240406__di_1__w_20::压力位,state,0.0,raw__daily__pressure_support_V240406__di_1__w_20,压力位,state,0.9759229534510433,97.0,0.07784911717495988,candidate,state__raw__daily__pressure_support_V240406__di_1__w_20::压力位,,,
state__raw__daily__pressure_support_V240406__di_1__w_20::支撑位,state,0.0,raw__daily__pressure_support_V240406__di_1__w_20,支撑位,state,0.9759229534510433,117.0,0.09390048154093097,candidate,state__raw__daily__pressure_support_V240406__di_1__w_20::支撑位,,,
state__raw__daily__tas_atr_break_V230424__di_1::看多,state,0.0,raw__daily__tas_atr_break_V230424__di_1,看多,state,0.9759229534510433,40.0,0.03210272873194221,candidate,state__raw__daily__tas_atr_break_V230424__di_1::看多,,,
state__raw__daily__tas_atr_break_V230424__di_1::看空,state,0.0,raw__daily__tas_atr_break_V230424__di_1,看空,state,0.9759229534510433,42.0,0.033707865168539325,candidate,state__raw__daily__tas_atr_break_V230424__di_1::看空,,,
state__raw__daily__tas_boll_power_V221112__di_1::多头,state,0.0,raw__daily__tas_boll_power_V221112__di_1,多头,state,0.9759229534510433,553.0,0.4438202247191011,candidate,state__raw__daily__tas_boll_power_V221112__di_1::多头,,,
state__raw__daily__tas_boll_power_V221112__di_1::空头,state,0.0,raw__daily__tas_boll_power_V221112__di_1,空头,state,0.9759229534510433,656.0,0.5264847512038523,candidate,state__raw__daily__tas_boll_power_V221112__di_1::空头,,,
state__raw__daily__tas_kdj_base_V221101__di_1::多头,state,0.0,raw__daily__tas_kdj_base_V221101__di_1,多头,state,0.9759229534510433,619.0,0.4967897271268058,candidate,state__raw__daily__tas_kdj_base_V221101__di_1::多头,,,
state__raw__daily__tas_kdj_base_V221101__di_1::空头,state,0.0,raw__daily__tas_kdj_base_V221101__di_1,空头,state,0.9759229534510433,597.0,0.47913322632423755,candidate,state__raw__daily__tas_kdj_base_V221101__di_1::空头,,,
state__raw__daily__tas_ma_base_V221101__di_1__ma_type_SMA__timeperiod_10::多头,state,0.0,raw__daily__tas_ma_base_V221101__di_1__ma_type_SMA__timeperiod_10,多头,state,0.9759229534510433,569.0,0.456661316211878,candidate,state__raw__daily__tas_ma_base_V221101__di_1__ma_type_SMA__timeperiod_10::多头,,,
state__raw__daily__tas_ma_base_V221101__di_1__ma_type_SMA__timeperiod_10::空头,state,0.0,raw__daily__tas_ma_base_V221101__di_1__ma_type_SMA__timeperiod_10,空头,state,0.9759229534510433,647.0,0.5192616372391653,candidate,state__raw__daily__tas_ma_base_V221101__di_1__ma_type_SMA__timeperiod_10::空头,,,
state__raw__daily__tas_ma_base_V221101__di_1__ma_type_SMA__timeperiod_20::多头,state,0.0,raw__daily__tas_ma_base_V221101__di_1__ma_type_SMA__timeperiod_20,多头,state,0.9759229534510433,553.0,0.4438202247191011,candidate,state__raw__daily__tas_ma_base_V221101__di_1__ma_type_SMA__timeperiod_20::多头,,,
state__raw__daily__tas_ma_base_V221101__di_1__ma_type_SMA__timeperiod_20::空头,state,0.0,raw__daily__tas_ma_base_V221101__di_1__ma_type_SMA__timeperiod_20,空头,state,0.9759229534510433,663.0,0.5321027287319422,candidate,state__raw__daily__tas_ma_base_V221101__di_1__ma_type_SMA__timeperiod_20::空头,,,
state__raw__daily__tas_ma_base_V221101__di_1__ma_type_SMA__timeperiod_5::多头,state,0.0,raw__daily__tas_ma_base_V221101__di_1__ma_type_SMA__timeperiod_5,多头,state,0.9759229534510433,593.0,0.47592295345104335,candidate,state__raw__daily__tas_ma_base_V221101__di_1__ma_type_SMA__timeperiod_5::多头,,,
state__raw__daily__tas_ma_base_V221101__di_1__ma_type_SMA__timeperiod_5::空头,state,0.0,raw__daily__tas_ma_base_V221101__di_1__ma_type_SMA__timeperiod_5,空头,state,0.9759229534510433,623.0,0.5,candidate,state__raw__daily__tas_ma_base_V221101__di_1__ma_type_SMA__timeperiod_5::空头,,,
state__raw__daily__tas_macd_base_V221028__di_1__fastperiod_12__signalperiod_9__slowperiod_26::多头,state,0.0,raw__daily__tas_macd_base_V221028__di_1__fastperiod_12__signalperiod_9__slowperiod_26,多头,state,0.9759229534510433,559.0,0.44863563402889245,candidate,state__raw__daily__tas_macd_base_V221028__di_1__fastperiod_12__signalperiod_9__slowperiod_26::多头,,,
state__raw__daily__tas_macd_base_V221028__di_1__fastperiod_12__signalperiod_9__slowperiod_26::空头,state,0.0,raw__daily__tas_macd_base_V221028__di_1__fastperiod_12__signalperiod_9__slowperiod_26,空头,state,0.9759229534510433,657.0,0.5272873194221509,candidate,state__raw__daily__tas_macd_base_V221028__di_1__fastperiod_12__signalperiod_9__slowperiod_26::空头,,,
state__raw__daily__tas_macd_power_V221108__di_1::弱势,state,0.0,raw__daily__tas_macd_power_V221108__di_1,弱势,state,0.9759229534510433,252.0,0.20224719101123595,candidate,state__raw__daily__tas_macd_power_V221108__di_1::弱势,,,
state__raw__daily__tas_macd_power_V221108__di_1::强势,state,0.0,raw__daily__tas_macd_power_V221108__di_1,强势,state,0.9759229534510433,322.0,0.25842696629213485,candidate,state__raw__daily__tas_macd_power_V221108__di_1::强势,,,
state__raw__daily__tas_macd_power_V221108__di_1::超弱,state,0.0,raw__daily__tas_macd_power_V221108__di_1,超弱,state,0.9759229534510433,385.0,0.3089887640449438,candidate,state__raw__daily__tas_macd_power_V221108__di_1::超弱,,,
state__raw__daily__tas_macd_power_V221108__di_1::超强,state,0.0,raw__daily__tas_macd_power_V221108__di_1,超强,state,0.9759229534510433,237.0,0.19020866773675763,candidate,state__raw__daily__tas_macd_power_V221108__di_1::超强,,,
state__raw__daily__vol_window_V230731__di_1__m_30__n_10__w_5::高量N10,state,0.0,raw__daily__vol_window_V230731__di_1__m_30__n_10__w_5,高量N10,state,0.9759229534510433,480.0,0.3852327447833066,candidate,state__raw__daily__vol_window_V230731__di_1__m_30__n_10__w_5::高量N10,,,
state__raw__daily__vol_window_V230731__di_1__m_30__n_10__w_5::高量N3,state,0.0,raw__daily__vol_window_V230731__di_1__m_30__n_10__w_5,高量N3,state,0.9759229534510433,30.0,0.024077046548956663,candidate,state__raw__daily__vol_window_V230731__di_1__m_30__n_10__w_5::高量N3,,,
state__raw__daily__vol_window_V230731__di_1__m_30__n_10__w_5::高量N4,state,0.0,raw__daily__vol_window_V230731__di_1__m_30__n_10__w_5,高量N4,state,0.9759229534510433,55.0,0.044141252006420544,candidate,state__raw__daily__vol_window_V230731__di_1__m_30__n_10__w_5::高量N4,,,
state__raw__daily__vol_window_V230731__di_1__m_30__n_10__w_5::高量N5,state,0.0,raw__daily__vol_window_V230731__di_1__m_30__n_10__w_5,高量N5,state,0.9759229534510433,58.0,0.04654895666131621,candidate,state__raw__daily__vol_window_V230731__di_1__m_30__n_10__w_5::高量N5,,,
state__raw__daily__vol_window_V230731__di_1__m_30__n_10__w_5::高量N6,state,0.0,raw__daily__vol_window_V230731__di_1__m_30__n_10__w_5,高量N6,state,0.9759229534510433,84.0,0.06741573033707865,candidate,state__raw__daily__vol_window_V230731__di_1__m_30__n_10__w_5::高量N6,,,
state__raw__daily__vol_window_V230731__di_1__m_30__n_10__w_5::高量N7,state,0.0,raw__daily__vol_window_V230731__di_1__m_30__n_10__w_5,高量N7,state,0.9759229534510433,129.0,0.10353130016051364,candidate,state__raw__daily__vol_window_V230731__di_1__m_30__n_10__w_5::高量N7,,,
state__raw__daily__vol_window_V230731__di_1__m_30__n_10__w_5::高量N8,state,0.0,raw__daily__vol_window_V230731__di_1__m_30__n_10__w_5,高量N8,state,0.9759229534510433,143.0,0.11476725521669343,candidate,state__raw__daily__vol_window_V230731__di_1__m_30__n_10__w_5::高量N8,,,
state__raw__daily__vol_window_V230731__di_1__m_30__n_10__w_5::高量N9,state,0.0,raw__daily__vol_window_V230731__di_1__m_30__n_10__w_5,高量N9,state,0.9759229534510433,215.0,0.1725521669341894,candidate,state__raw__daily__vol_window_V230731__di_1__m_30__n_10__w_5::高量N9,,,
state__raw__weekly__cxt_bi_status_V230101::其他,state,0.0,raw__weekly__cxt_bi_status_V230101,其他,state,0.9574638844301766,110.0,0.08828250401284109,candidate,state__raw__weekly__cxt_bi_status_V230101::其他,,,
state__raw__weekly__cxt_bi_status_V230101::向上,state,0.0,raw__weekly__cxt_bi_status_V230101,向上,state,0.9574638844301766,526.0,0.42215088282504015,candidate,state__raw__weekly__cxt_bi_status_V230101::向上,,,
state__raw__weekly__cxt_bi_status_V230101::向下,state,0.0,raw__weekly__cxt_bi_status_V230101,向下,state,0.9574638844301766,557.0,0.44703049759229535,candidate,state__raw__weekly__cxt_bi_status_V230101::向下,,,
interaction__bi_all_bull,interaction,0.0,,,,,,,,,,,
interaction__bi_all_bear,interaction,0.0,,,,,,,,,,,
interaction__trend_all_bull,interaction,0.0,,,,,,,,,,,
interaction__trend_all_bear,interaction,0.0,,,,,,,,,,,
